record,uuid,start_date,date,status,hCountry,dTrack,LOIM,xpanelPartner,QualityScore_TOTAL,QC_FLAGSr1,S0,S1,S2r1,S2r2,S2r3,S2r4,S2r5,S2r6,S2r7,S2r8,S2r99,S3,S4r1,S4r2,S4r3,S4r4,S4r99,S5r1,S5r2,S5r3,S5r4,S5r99,S5r98,S6,S6r97oe,S7r1,S7r2,S7r3,S7r4,S7r5,S7r6,S7r7,S7r8,S7r9,S7r10,S7r97,S7r98,S7r97oe,S8,S9r1,S9r2,S9r3,S9r4,S9r5,S9r6,S9r7,S9r8,S9r9,S9r10,S9r99,hS9CountSwitchers,TimeSection_Screener,Q1,Q2,Q3r1,Q3r2,Q3r3,Q3r4,Q3r5,Q3r6,Q3r7,Flag_Q3_SL,Q4,Q5r1,Q6r1,Q6r2,Q6r3,Q6r4,Q6r5,Q6r6,Q6r7,Flag_Q6,Flag_Q6_SL,Q7r1,Q7r2,Q7r3,Q7r4,Q7r5,Flag_Q7_SL,Q8,Q9,hACUVUE,hBAUSCH,TimeSection_Section_A
31,mz0qe0smtv9ut5f3,8/22/2025 13:05,8/22/2025 13:07,3,2,0,2.37,1,40.000000000000000,2,1,1,0,0,0,0,0,0,0,0,1,39,1,1,0,1,0,1,0,0,0,0,0,1,,0,1,0,0,0,0,0,0,0,0,0,0,,5,1,,1,0,0,0,0,0,0,0,0,0,0.82,15,1,1,1,1,1,1,1,1,1,1,I have worn them for years and have never had issues seeing out of them or issues with dry eyes. They do tend to rip easily though.,2,1,1,1,5,2,4,0,0,1,1,1,1,1,1,2,1,1,0,1.54
403,008pv99vz88e52ju,8/25/2025 9:46,8/25/2025 9:50,3,2,0,3.42,1,40.000000000000000,2,1,1,0,0,0,0,0,0,0,0,1,60,1,1,1,1,0,1,0,0,0,0,0,1,,0,1,0,0,0,0,0,0,0,0,0,0,,5,0,,0,0,0,1,0,0,0,0,0,0,1.47,8,2,2,2,2,2,2,2,2,1,1,They are very comfortable and I can see well with them. I also like that they don't dry out.,2,1,1,1,5,2,3,0,0,1,1,1,1,1,1,2,1,1,0,1.94
656,aydstsssy25vvwv3,8/25/2025 9:54,8/25/2025 10:01,3,2,0,7.15,1,40.000000000000000,3,1,1,0,0,0,0,0,0,0,0,1,31,1,1,1,1,0,1,0,0,0,0,0,1,,0,0,0,0,0,0,0,0,0,1,0,0,,4,1,1,0,0,0,0,0,1,0,,0,0,2.69,10,1,1,1,1,1,1,1,1,1,1,"They keep my eyes comfortable and hydrated throughout the day, even when I am on screens a lot.",1,1,1,1,5,1,1,0,1,1,1,1,1,1,1,1,1,0,1,4.44
775,8syzpp9e302j6ev7,8/25/2025 10:15,8/25/2025 10:17,3,2,0,2.13,1,28.072140544700000,2,1,1,0,0,0,0,0,0,0,0,1,49,0,1,0,1,0,1,0,0,0,0,0,1,,0,1,0,0,0,0,0,0,0,0,0,0,,5,0,,1,0,0,0,0,0,0,0,0,0,0.61,6,2,1,1,1,1,1,2,2,0,1,I have good luck and my eyes dont seem dry after I wear them.,1,1,1,1,5,1,1,0,1,1,1,1,1,1,1,1,1,1,0,1.51
1017,3y783nszfe4x0bgk,8/25/2025 11:26,8/25/2025 11:28,3,2,0,1.93,1,52.904234670700000,1,1,2,0,0,0,0,0,0,0,0,1,41,1,1,1,1,0,1,0,0,0,0,0,1,,0,0,0,0,0,0,0,0,0,1,0,0,,4,0,1,1,0,0,0,0,1,1,,0,0,0.76,8,2,2,1,2,2,1,1,1,0,2,I like the way they don't make me feel uncomfortable even for long periods of time,1,2,1,2,5,3,1,0,0,1,1,1,1,1,1,2,1,0,1,1.15
1265,bvz9zqw0nrn3yrxz,8/25/2025 11:30,8/25/2025 11:34,3,2,0,2.72,1,59.242868871900000,0,1,2,0,0,0,0,0,0,0,0,1,47,1,1,0,1,0,1,0,0,0,0,0,1,,0,0,0,0,0,0,0,0,0,1,0,0,,4,1,1,0,0,0,0,0,0,0,,0,0,1.09,12,2,1,1,3,2,3,2,3,0,1,They work well and I don't have any problems. My eyes feel fine,2,1,2,1,5,1,1,0,0,2,2,2,1,1,0,3,2,0,1,1.61
1662,dnr81s407y9n1dm1,8/25/2025 13:45,8/25/2025 13:48,3,2,0,3.27,1,72.559599551300000,1,1,1,0,0,0,0,0,0,0,0,1,75,1,1,1,1,0,1,0,0,0,0,0,1,,0,1,0,0,0,0,0,0,0,0,0,0,,5,0,,0,0,1,0,0,0,0,0,0,0,1.16,8,2,3,2,2,3,3,2,2,0,3,HAVE TO WEAR READING GLASSES WITH THEM  WHEN RADING,1,1,2,1,5,1,4,0,0,1,1,1,1,1,1,2,2,1,0,2.09
1844,gqavf9bv6psb1xb7,8/25/2025 15:04,8/25/2025 15:10,3,2,0,5.72,1,67.700841149100000,1,1,2,0,0,0,0,0,0,0,0,1,26,0,1,0,1,0,1,0,0,0,0,0,1,,0,1,0,0,0,0,0,0,0,0,0,0,,4,0,,0,0,0,0,0,0,0,0,1,0,0.89,16,2,1,2,2,2,1,3,2,0,2,They do not cause me discomfort which is very important. I can also wear them all day and not have issues after a few hours.,1,1,2,2,5,3,1,0,0,1,1,1,1,1,1,2,2,1,0,4.81
1884,r809g41swxuk0rwz,8/25/2025 15:08,8/25/2025 15:15,3,2,0,7.02,1,64.711295052800000,0,1,2,0,0,0,0,0,0,0,0,1,33,1,0,0,1,0,1,0,0,0,0,0,1,,0,1,0,0,0,0,0,0,0,0,0,0,,5,0,,1,0,0,0,0,0,0,1,0,1,3.86,12,3,2,2,3,2,2,1,2,0,2,I have been using these contact lenses for a while and I have never had any issues them. For the hours I do wear them they help a lot and are co,2,2,2,2,5,3,3,0,0,2,1,1,1,1,0,3,1,1,0,3.15
2142,j4q6haw09hf2ems5,8/25/2025 16:46,8/25/2025 16:50,3,2,0,3.93,1,40.000000000000000,2,1,1,0,0,0,0,0,0,0,0,1,66,0,1,0,1,0,1,0,0,0,0,0,1,,0,0,0,0,0,0,0,0,0,1,0,0,,4,0,0,1,0,0,0,0,0,0,,0,0,1.83,12,1,1,1,1,1,1,1,1,1,1,easy to wear and comfortable throughout my using them,1,1,1,1,5,1,2,0,0,1,1,1,1,1,1,1,1,0,1,2.09
2171,qeymg5pgybfb1fd7,8/25/2025 17:31,8/25/2025 17:34,3,2,0,2.35,1,65.581629297900000,0,1,2,0,0,0,0,0,0,0,0,1,42,0,1,0,1,0,0,1,0,0,0,0,1,,0,1,0,0,0,0,0,0,0,0,0,0,,3,0,,0,0,0,0,0,0,1,0,0,0,0.68,18,2,1,3,2,2,2,2,2,0,2,These contact lenses keep my eyes from drying out and stay in place even during rigorous activity,2,2,2,2,5,4,4,0,0,1,1,2,1,1,0,2,2,1,0,1.66
2526,7dfjymx906ky76ru,8/26/2025 9:55,8/26/2025 10:04,3,2,0,8.38,1,67.167456227500000,3,1,1,0,0,0,0,0,0,0,0,1,76,1,0,1,1,0,0,1,0,0,0,0,1,,0,0,0,0,0,0,0,0,0,1,0,0,,4,0,0,0,0,0,0,0,0,0,,1,0,5.61,4,2,2,2,2,2,2,2,2,1,2,They work for me since I don't need them ev,2,2,2,2,5,2,2,0,1,1,1,1,1,1,1,2,2,0,1,2.77
2603,93p5pfqpe72a54yn,8/26/2025 14:03,8/26/2025 14:06,3,2,0,3.32,1,69.636076696600000,0,1,1,0,0,0,0,0,0,0,0,1,25,0,1,0,1,0,1,0,0,0,0,0,1,,0,1,0,0,0,0,0,0,0,0,0,0,,3,0,,0,0,0,0,0,0,0,0,1,0,1.35,12,4,3,3,3,4,4,4,3,0,3,It's not comfortable. And it starts feeling dry really quick,2,2,3,3,5,2,3,0,0,2,2,2,1,1,0,3,3,1,0,1.94
2607,6ussg18sdje0jqw8,8/26/2025 14:08,8/26/2025 14:11,3,2,0,3.03,1,67.548569231000000,0,1,1,0,0,0,0,0,0,0,0,1,36,1,1,0,1,0,1,0,0,0,0,0,1,,0,1,0,0,0,0,0,0,0,0,0,0,,5,1,,1,0,0,1,0,0,0,0,0,0,0.91,18,2,2,3,4,4,4,4,3,0,2,"They provide me with clear vision, and if my eyes weren't already dry, they probably wouldn't contribute to my eye dryness.",2,1,2,2,5,3,2,0,0,1,1,2,1,1,0,4,2,1,0,2.11
3033,r4z1prz58wtwtg2a,8/26/2025 23:59,8/27/2025 0:05,3,2,0,6.00,1,52.636570826700000,2,1,2,0,0,0,0,0,0,0,0,1,57,1,1,0,1,0,1,0,0,0,0,0,1,,0,1,0,0,0,0,0,0,0,0,0,0,,5,0,,1,0,0,0,0,0,0,0,0,0,4.39,16,1,1,1,1,1,1,1,1,1,1,They are the best I have ever worn and I have been wearing contacts for many years.,1,2,1,2,5,3,1,0,0,1,1,1,1,1,1,1,1,1,0,1.61
3578,fxn8y1jmc4gry60u,8/27/2025 17:38,8/27/2025 17:43,3,2,0,5.25,2,95.656846088600000,0,1,2,0,0,0,0,0,0,0,0,1,40,0,0,0,1,0,0,1,0,0,0,0,1,,0,0,0,0,0,0,0,0,0,1,0,0,,3,0,1,1,0,1,1,1,0,1,,0,0,1.72,15,2,1,1,1,1,1,1,2,0,2,it makes my eyes healthy and it is thinner that makes me comfortable,1,1,1,2,5,1,1,0,0,1,2,1,1,1,0,2,1,0,1,3.52
3607,0k8az7p0uap0qed2,8/27/2025 18:11,8/27/2025 18:23,3,2,0,11.37,2,59.952968107000000,0,1,2,0,0,0,0,0,0,0,0,1,32,0,0,0,1,0,0,1,0,0,0,0,1,,0,0,0,0,0,0,0,0,0,1,0,0,,5,0,0,0,0,0,1,0,0,0,,0,0,4.87,8,2,2,1,3,1,1,2,1,0,1,I can exercise and be active without worrying about discomfort.,2,1,1,2,5,2,1,0,0,1,1,2,2,1,0,1,1,0,1,6.47
3609,fuqy06tcztwmhbu2,8/27/2025 18:11,8/27/2025 18:23,3,2,0,11.08,2,75.021413950800000,0,1,1,0,0,0,0,0,0,0,0,1,35,0,0,0,1,0,0,1,0,0,0,0,1,,0,0,0,0,0,0,0,0,0,1,0,0,,5,0,0,0,0,0,1,0,0,0,,0,0,4.70,9,1,2,2,2,1,2,1,1,0,2,My eyes don’t get red or irritated like they used to with other lenses.,1,1,1,1,5,1,2,0,0,2,1,2,1,1,0,2,1,0,1,6.36
3611,620fb6qrwdr4b2js,8/27/2025 18:16,8/27/2025 18:33,3,2,0,15.42,2,74.986791578300000,0,1,2,0,0,0,0,0,0,0,0,1,34,0,1,0,1,0,0,1,0,0,0,0,1,,0,0,0,0,0,0,0,0,0,1,0,0,,4,0,0,0,0,0,1,0,1,0,,0,0,6.29,11,2,1,1,1,1,1,2,2,0,1,The price worth it for the premium comfort and performance i get,1,3,1,2,5,1,1,0,0,1,1,1,2,1,0,2,2,0,1,9.09
3613,rg5snsn30y6s2yv8,8/27/2025 18:19,8/27/2025 18:33,3,2,0,12.15,2,68.951920477700000,0,1,1,0,0,0,0,0,0,0,0,1,36,0,0,1,1,0,0,1,0,0,0,0,1,,0,0,0,0,0,0,0,0,0,1,0,0,,4,0,0,0,0,0,0,1,0,1,,0,0,4.50,9,2,3,3,2,1,2,1,1,0,2,They dont slide around dislodge even when i am active,1,1,2,2,5,1,2,0,0,2,1,2,1,1,0,1,2,0,1,7.57
3615,90wyhcfzrx9y39na,8/27/2025 18:21,8/27/2025 18:33,3,2,0,11.02,2,72.555689514300000,1,1,1,0,0,0,0,0,0,0,0,1,31,0,1,0,1,0,0,1,0,0,0,0,1,,0,0,0,0,0,0,0,0,0,1,0,0,,4,0,0,1,0,1,0,0,0,1,,0,0,3.64,11,1,2,2,1,1,4,1,1,0,1,I never have to worry about lens related headaches or eye strain anymore,1,3,2,2,5,1,1,0,0,1,1,1,1,1,1,1,1,0,1,7.31
3616,hj4kkd4mks0zn3h7,8/27/2025 18:24,8/27/2025 18:29,3,2,0,4.82,1,82.586238325800000,1,1,1,0,0,0,0,0,0,0,0,1,57,0,1,0,1,0,1,0,0,0,0,0,1,,0,1,0,0,0,0,0,0,0,0,0,0,,4,0,,0,0,0,0,0,0,0,0,1,0,1.81,12,1,1,1,1,1,1,2,1,0,1,They are comfortable enough that you forget you have them in.  They also don't dry out after sometime and have to use an eye drop to moisten them,1,1,1,1,5,3,3,0,0,1,1,1,1,1,1,2,1,1,0,3.00
3620,zqfh1xkrsewuypbj,8/27/2025 18:27,8/27/2025 18:37,3,2,0,8.92,2,51.147297046600000,0,1,2,0,0,0,0,0,0,0,0,1,35,0,0,0,1,0,0,1,0,0,0,0,1,,0,0,0,0,0,0,0,0,0,1,0,0,,5,0,0,0,0,0,1,0,0,0,,0,0,1.54,10,1,2,1,2,2,3,1,2,0,2,I can wear makeup without worrying about my lenses drying.,1,1,1,2,5,1,2,0,0,1,2,2,2,1,0,2,2,0,1,7.35
3623,9n0uabxq33hj9dmk,8/27/2025 18:27,8/27/2025 18:37,3,2,0,8.95,2,49.357188569100000,0,1,1,0,0,0,0,0,0,0,0,1,34,0,0,0,1,0,0,1,0,0,0,0,1,,0,0,0,0,0,0,0,0,0,1,0,0,,5,0,0,0,0,0,1,0,0,0,,0,0,1.49,7,1,2,2,2,1,1,2,1,0,1,They give me sharp crisp vision that feels close to natural sight.,2,2,1,1,5,2,1,0,0,1,1,2,1,1,0,1,2,0,1,7.42
3639,n3mgwuh0h832kad3,8/27/2025 18:38,8/27/2025 18:47,3,2,0,8.83,2,38.115551408500000,0,1,2,0,0,0,0,0,0,0,0,1,27,0,1,0,1,0,0,1,0,0,0,0,1,,0,0,0,0,0,0,0,0,0,1,0,0,,4,0,0,1,0,0,0,0,1,0,,0,0,1.91,11,1,3,1,1,2,2,1,3,0,1,They are perfect for my dry office environment with air conditioning,1,2,2,3,5,1,1,0,0,2,1,2,1,1,0,1,1,0,1,6.86
3641,qj0x5zgreb4j8cve,8/27/2025 18:38,8/27/2025 18:47,3,2,0,8.58,2,25.643328779500000,0,1,2,0,0,0,0,0,0,0,0,1,25,0,1,0,1,0,0,1,0,0,0,0,1,,0,0,0,0,0,0,0,0,0,1,0,0,,4,0,0,0,0,0,0,1,1,0,,0,0,1.91,8,2,1,1,3,1,2,1,2,0,1,They provide excellet UV protection which gives me peace of mind,1,2,1,2,5,1,2,0,0,2,1,2,1,1,0,1,1,0,1,6.60
3642,hf8bwek52c3abebg,8/27/2025 18:38,8/27/2025 18:47,3,2,0,8.75,2,38.557528378300000,0,1,2,0,0,0,0,0,0,0,0,1,28,0,1,0,1,0,0,1,0,0,0,0,1,,0,0,0,0,0,0,0,0,0,1,0,0,,4,0,0,0,0,0,0,1,0,1,,0,0,1.82,8,2,1,3,1,1,1,2,1,0,2,My eye doctor recommended them specifically for my dry eye issue,1,1,2,3,5,1,2,0,0,2,1,2,1,1,0,2,2,0,1,6.87
3644,28duhy87szqv8wwx,8/27/2025 18:41,8/27/2025 18:49,3,2,0,7.18,2,33.207425774900000,0,1,2,0,0,0,0,0,0,0,0,1,32,0,0,0,1,0,0,1,0,0,0,0,1,,0,0,0,0,0,0,0,0,0,1,0,0,,5,0,0,0,0,0,1,0,0,0,,0,0,1.49,10,2,1,1,1,2,2,3,1,0,2,I appreciate the overall comfort and clarity they provide.,2,2,2,1,5,1,1,0,0,2,1,1,2,1,0,1,1,0,1,5.68
3646,y59xbt100a1du9k3,8/27/2025 18:41,8/27/2025 18:49,3,2,0,7.18,2,29.245756420900000,0,1,1,0,0,0,0,0,0,0,0,1,35,0,0,0,1,0,0,1,0,0,0,0,1,,0,0,0,0,0,0,0,0,0,1,0,0,,5,0,0,0,0,0,1,0,0,0,,0,0,1.46,8,1,2,2,1,1,2,1,1,0,1,They allow me to focus on my day not my eyes.,1,1,1,2,5,2,2,0,0,2,1,1,1,1,0,2,2,0,1,5.70
3647,z0y20sp25cqy9mjb,8/27/2025 18:41,8/27/2025 18:49,3,2,0,7.07,2,34.778205276500000,0,1,2,0,0,0,0,0,0,0,0,1,35,0,0,0,1,0,0,1,0,0,0,0,1,,0,0,0,0,0,0,0,0,0,1,0,0,,5,0,0,0,0,0,1,0,0,0,,0,0,1.39,9,2,2,2,1,2,3,2,1,0,1,They feel hygienic being single use lenses.,2,2,1,1,5,1,2,0,0,1,1,2,1,1,0,2,2,0,1,5.66
3648,bg3a37875sqrbqxd,8/27/2025 18:41,8/27/2025 18:49,3,2,0,6.97,2,37.668325927400000,0,1,1,0,0,0,0,0,0,0,0,1,31,0,0,0,1,0,0,1,0,0,0,0,1,,0,0,0,0,0,0,0,0,0,1,0,0,,5,0,0,0,0,0,1,0,0,0,,0,0,1.43,7,1,1,1,1,1,1,2,1,0,2,I feel comfortable recommending them to others.,1,1,1,2,5,2,1,0,0,1,1,2,1,1,0,1,1,0,1,5.51
3653,uckad9bxzsqhruw0,8/27/2025 18:53,8/27/2025 19:03,3,2,0,9.02,2,39.117282803600000,0,1,1,0,0,0,0,0,0,0,0,1,32,0,0,0,1,0,0,1,0,0,0,0,1,,0,0,0,0,0,0,0,0,0,1,0,0,,5,0,0,0,0,0,1,0,0,0,,0,0,1.19,10,1,1,1,2,3,2,2,2,0,1,I feel safe knowing they are designed for eye health and oxygen now.,1,1,2,1,5,2,1,0,0,1,2,1,1,1,0,2,1,0,1,7.79
3655,vqz5v65dsuqx6njw,8/27/2025 18:53,8/27/2025 19:03,3,2,0,9.58,2,34.642563211600000,1,1,2,0,0,0,0,0,0,0,0,1,35,0,0,0,1,0,0,1,0,0,0,0,1,,0,0,0,0,0,0,0,0,0,1,0,0,,4,0,0,0,0,0,1,0,0,0,,0,0,1.61,12,2,2,1,1,2,1,1,4,0,2,I appreciate that my eyes dont feel as tired at the end of the day.,1,1,1,1,5,2,2,0,0,1,1,1,1,1,1,1,1,0,1,7.95
3656,5m7sdvhaazz5a5ep,8/27/2025 18:53,8/27/2025 19:03,3,2,0,9.63,2,23.957917566100000,1,1,1,0,0,0,0,0,0,0,0,1,37,0,0,0,1,0,0,1,0,0,0,0,1,,0,0,0,0,0,0,0,0,0,1,0,0,,5,0,0,0,0,0,1,0,0,0,,0,0,1.67,11,1,1,2,3,2,2,2,3,0,2,They great for travel since i don't need cleaning solution,1,1,2,2,5,2,1,0,0,1,1,1,1,1,1,1,1,0,1,7.94
3657,hc7ym8dk4ynhph28,8/27/2025 18:55,8/27/2025 19:08,3,2,0,13.08,1,71.114531752000000,1,1,1,0,0,0,0,0,0,0,0,1,35,0,1,0,1,0,1,0,0,0,0,0,1,,0,1,0,0,0,0,0,0,0,0,0,0,,4,1,,0,0,0,0,0,0,0,0,0,0,3.85,12,2,1,2,2,2,2,1,1,0,2,"they are very moisturizing and do not cause dry eye, feel breathable, help clear and sharpen my vision. I like i disposable so i can ensure no bacteria!",1,1,1,1,5,1,3,0,0,1,1,1,1,1,1,2,1,1,0,9.19
3659,zug7u5gmr78dh6ts,8/27/2025 19:01,8/27/2025 19:09,3,2,0,7.18,2,47.080995214200000,0,1,1,0,0,0,0,0,0,0,0,1,31,0,1,0,1,0,0,1,0,0,0,0,1,,0,0,0,0,0,0,0,0,0,1,0,0,,4,1,0,0,0,0,0,0,1,0,,0,0,1.79,10,2,2,2,1,1,1,3,2,0,1,My eyes feel healthier and less tired since i made the switch to infuse,2,3,1,2,5,1,2,0,0,2,1,2,1,1,0,1,1,0,1,5.35
3660,2zeehc0m8rbx924h,8/27/2025 19:01,8/27/2025 19:09,3,2,0,6.80,2,44.490387942300000,0,1,1,0,0,0,0,0,0,0,0,1,30,0,1,0,1,0,0,1,0,0,0,0,1,,0,0,0,0,0,0,0,0,0,1,0,0,,4,0,0,0,1,1,0,0,0,0,,0,0,1.65,11,1,1,2,1,1,3,1,2,0,2,They dont require a long adaptation period comfort was instant from day one,2,3,2,1,5,2,1,0,0,2,1,2,1,1,0,3,1,0,1,5.09
3661,hedq8kwyv8zy3awy,8/27/2025 19:01,8/27/2025 19:09,3,2,0,7.22,2,42.660036680400000,0,1,1,0,0,0,0,0,0,0,0,1,32,0,1,0,1,0,0,1,0,0,0,0,1,,0,0,0,0,0,0,0,0,0,1,0,0,,4,0,0,1,0,0,0,0,0,1,,0,0,1.83,9,1,2,2,1,3,1,2,1,0,1,They simply deliver on their promise of all day exceptional comfort without fail,2,1,1,2,5,2,1,0,0,1,1,2,1,1,0,2,2,0,1,5.34
3663,4txrgy8xrzszmfwk,8/27/2025 19:10,8/27/2025 19:26,3,2,0,14.88,2,34.703700652800000,0,1,2,0,0,0,0,0,0,0,0,1,35,0,0,0,1,0,0,1,0,0,0,0,1,,0,0,0,0,0,0,0,0,0,1,0,0,,5,0,0,0,0,0,1,0,0,0,,0,0,3.82,10,1,2,1,1,2,2,3,1,0,1,I can wear them at work all day without too much irritation.,2,1,2,2,5,1,1,0,0,1,1,1,2,1,0,2,1,0,1,11.04
3665,xyddb1wckynzf4gg,8/27/2025 19:11,8/27/2025 19:26,3,2,0,14.77,2,36.992921271900000,0,1,2,0,0,0,0,0,0,0,0,1,37,0,0,0,1,0,0,1,0,0,0,0,1,,0,0,0,0,0,0,0,0,0,1,0,0,,5,0,0,0,0,0,1,0,0,0,,0,0,3.75,8,1,2,1,3,1,2,1,2,0,1,I like that they daily lenses super convenient and hygienic.,1,2,1,1,5,1,2,0,0,1,1,2,1,2,0,2,2,0,1,10.98
3667,syy1n89edw9w811n,8/27/2025 19:11,8/27/2025 19:26,3,2,0,14.73,2,50.172944472500000,0,1,1,0,0,0,0,0,0,0,0,1,35,0,0,0,1,0,0,1,0,0,0,0,1,,0,0,0,0,0,0,0,0,0,1,0,0,,5,0,0,0,0,0,1,0,0,0,,0,0,3.68,8,2,1,1,3,2,1,1,2,0,2,They feel lighter and thinner compared to other contacts i used.,1,2,1,2,5,2,1,0,0,1,2,2,1,1,0,1,2,0,1,11.03
3668,t36dtyymd1n672e7,8/27/2025 19:11,8/27/2025 19:26,3,2,0,14.40,2,37.022315906100000,0,1,2,0,0,0,0,0,0,0,0,1,31,0,0,0,1,0,0,1,0,0,0,0,1,,0,0,0,0,0,0,0,0,0,1,0,0,,5,0,0,0,0,0,1,0,0,0,,0,0,3.51,8,1,2,1,1,1,1,1,3,0,1,They're easy to handel when putting in and talking out.,2,2,2,1,5,1,1,0,0,1,2,1,1,1,0,1,1,0,1,10.86
3669,3fy3cke5g1qvfnxg,8/27/2025 19:14,8/27/2025 19:22,3,2,0,7.43,2,48.361855178200000,0,1,2,0,0,0,0,0,0,0,0,1,36,0,1,0,1,0,0,1,0,0,0,0,1,,0,0,0,0,0,0,0,0,0,1,0,0,,4,1,0,0,0,0,0,0,0,1,,0,0,1.60,9,1,1,3,1,2,1,1,2,0,1,They provide a barrier against dust and pollen that irritates my eyes,3,1,1,2,5,1,2,0,0,2,1,2,1,1,0,1,2,0,1,5.79
3670,pwj4r55gmb6cj4bq,8/27/2025 19:14,8/27/2025 19:22,3,2,0,7.37,2,54.652886149400000,0,1,2,0,0,0,0,0,0,0,0,1,37,0,1,0,1,0,0,1,0,0,0,0,1,,0,0,0,0,0,0,0,0,0,1,0,0,,4,1,0,1,0,0,0,0,1,0,,0,0,1.52,11,2,1,2,1,2,1,2,3,0,2,I can wear them safely for a quick nap without waking up dry,1,2,1,2,5,3,3,0,0,2,1,1,1,1,0,2,2,0,1,5.79
3671,8pgfddqzgy54qk12,8/27/2025 19:14,8/27/2025 19:22,3,2,0,7.30,2,54.117613748800000,0,1,2,0,0,0,0,0,0,0,0,1,38,0,1,0,1,0,0,1,0,0,0,0,1,,0,0,0,0,0,0,0,0,0,1,0,0,,5,1,0,0,0,1,0,0,0,0,,0,0,1.44,10,1,3,1,3,1,1,1,2,0,1,They are incredibly lightweight making them unnoticeable on my eyes all day,2,2,2,1,5,1,3,0,0,2,1,2,1,1,0,1,1,0,1,5.79
3676,9hmmvsz4xp5hmttg,8/27/2025 19:28,8/27/2025 19:36,3,2,0,6.58,2,60.472962435400000,0,1,2,0,0,0,0,0,0,0,0,1,27,0,1,0,1,0,0,1,0,0,0,0,1,,0,0,0,0,0,0,0,0,0,1,0,0,,4,0,0,1,1,1,0,0,0,0,,0,0,1.43,8,1,1,2,1,2,1,2,1,0,1,They handle temperature changes well from cold mornings to warm afternoons,1,1,2,3,5,2,1,0,0,2,1,1,1,1,0,1,1,0,1,5.08
3677,8e5jnp2hvwc4gahn,8/27/2025 19:28,8/27/2025 19:36,3,2,0,6.60,2,62.505515896300000,0,1,2,0,0,0,0,0,0,0,0,1,29,0,1,0,1,0,0,1,0,0,0,0,1,,0,0,0,0,0,0,0,0,0,1,0,0,,4,0,1,0,0,1,0,0,0,1,,0,0,1.39,9,1,2,1,1,3,1,2,2,0,2,They are the first lens that truly solved my chronic dry eye discomfort,1,1,3,2,5,2,2,0,0,2,1,1,1,1,0,2,2,0,1,5.15
3679,b59aaqxv7st045j1,8/27/2025 19:29,8/27/2025 19:38,3,2,0,6.33,2,74.703931451400000,0,1,1,0,0,0,0,0,0,0,0,1,35,0,0,0,1,0,0,1,0,0,0,0,1,,0,0,0,0,0,0,0,0,0,1,0,0,,5,0,0,0,0,0,1,0,0,0,,0,0,0.77,11,2,2,3,2,2,1,1,1,0,2,I like the quality they feel well made.,1,2,1,2,5,1,2,0,0,2,1,1,1,1,0,2,1,0,1,5.53
3968,eb47v0vq5w62s64h,8/29/2025 10:18,8/29/2025 10:26,3,2,0,6.53,2,84.380184630100000,1,1,2,0,0,0,0,0,0,0,0,1,43,0,0,0,1,0,1,1,0,0,0,0,1,,0,0,0,0,0,0,0,0,0,1,0,0,,4,0,1,0,0,0,0,0,0,0,,0,0,3.36,18,3,1,2,2,1,1,2,1,0,2,Comfortable to wear all day without dryness or irritation and excellent moisture retention.,2,1,1,1,5,3,2,0,0,1,1,1,1,1,1,1,2,0,1,3.12
3986,jv56gn31z0pmn58t,8/29/2025 10:35,8/29/2025 10:42,3,2,0,6.35,2,87.998272107700000,1,1,2,0,0,0,0,0,0,0,0,1,40,0,0,0,1,0,1,0,0,0,0,0,1,,0,0,0,0,0,0,0,0,0,1,0,0,,4,0,0,0,0,0,1,0,0,0,,0,0,3.05,16,2,1,2,1,2,1,2,2,0,1,"Etes feel fresh even after long hours, easy to insert and remove without discomfort.",2,1,1,2,5,2,2,0,0,1,1,1,1,1,1,2,1,0,1,3.25
3989,mm3xunje8z0c50a9,8/29/2025 10:39,8/29/2025 10:50,3,2,0,9.88,2,64.007523312500000,1,1,2,0,0,0,0,0,0,0,0,1,34,0,0,0,1,0,0,1,0,0,0,0,1,,0,1,0,0,0,0,0,0,0,0,0,0,,4,0,,1,0,0,0,0,0,0,0,0,0,3.32,14,1,3,3,2,1,2,1,2,0,1,The lens is soft and smooth on the eyes and also it reduce dryness.,2,1,2,2,5,1,2,0,0,1,1,1,1,1,1,1,1,1,0,6.48
3990,7geyy8k3ryy55bhy,8/29/2025 10:39,8/29/2025 10:52,3,2,0,12.10,2,53.230410112700000,0,1,2,0,0,0,0,0,0,0,0,1,45,0,0,0,1,0,0,1,0,0,0,0,1,,0,1,0,0,0,0,0,0,0,0,0,0,,4,1,,0,0,0,0,0,0,0,0,0,0,5.14,12,2,2,1,3,1,2,2,2,0,1,They are easy to put in and remove.,2,2,2,1,5,2,1,0,0,2,1,1,1,1,0,2,1,1,0,6.90
4001,1z1yw8m2rqsut5jm,8/29/2025 10:45,8/29/2025 10:56,3,2,0,9.70,2,90.960684589400000,1,1,1,0,0,0,0,0,0,0,0,1,42,0,0,0,1,0,1,1,0,0,0,0,1,,0,0,0,0,0,0,0,0,0,1,0,0,,4,0,0,0,0,0,1,0,0,0,,0,0,7.68,17,2,1,1,2,1,2,1,1,0,1,"No issues with tearing or durability during handling, makes daily lens routine simple and stress free.",1,2,2,1,5,1,1,0,0,1,1,1,1,1,1,1,2,0,1,1.99
4004,s0c0czdurdd8xydu,8/29/2025 10:46,8/29/2025 11:04,3,2,0,16.68,2,70.894034330800000,1,1,2,0,0,0,0,0,0,0,0,1,46,0,0,0,1,0,1,0,0,0,0,0,1,,0,0,0,0,0,0,0,0,0,1,0,0,,3,0,0,1,0,0,1,0,0,0,,0,0,13.37,18,1,1,2,2,1,1,1,2,0,1,"Provides a smooth, irritation free experience compared to other brand, good UV protection for outdoor use.",1,1,2,1,5,1,2,0,0,1,1,1,1,1,1,1,2,0,1,3.27
4015,cyw8pbnsf2wj7tx6,8/29/2025 10:53,8/29/2025 11:08,3,2,0,12.90,2,84.210696166200000,1,1,2,0,0,0,0,0,0,0,0,1,42,0,0,0,1,0,1,1,0,0,0,0,1,,0,0,0,0,0,0,0,0,0,1,0,0,,4,0,0,0,0,0,1,0,0,0,,0,0,6.32,17,1,2,2,2,1,1,2,1,0,1,vision is consistently clear and sharp,2,2,1,2,5,2,1,0,0,1,1,1,1,1,1,2,1,0,1,6.53
4016,zztuuzwrtnpxqf0w,8/29/2025 10:54,8/29/2025 11:02,3,2,0,6.95,2,88.643193641900000,1,1,2,0,0,0,0,0,0,0,0,1,43,0,0,0,1,0,1,1,0,0,0,0,1,,0,0,0,0,0,0,0,0,0,1,0,0,,4,0,0,0,0,0,1,0,0,0,,0,0,4.15,18,2,1,1,2,1,2,1,2,0,1,they stay comfortable all day without dryness,2,2,1,1,5,1,2,0,0,1,1,1,1,1,1,2,2,0,1,2.74
4017,whfer888ybw7qmgk,8/29/2025 10:54,8/29/2025 11:08,3,2,0,11.90,2,84.776798893000000,1,1,1,0,0,0,0,0,0,0,0,1,40,0,0,0,1,0,1,0,0,0,0,0,1,,0,0,0,0,0,0,0,0,0,1,0,0,,4,0,0,0,0,0,1,0,0,0,,0,0,5.08,19,2,2,1,2,1,1,2,1,0,1,they don't cause irritation even with long wear,1,1,2,1,5,2,2,0,0,1,1,1,1,1,1,1,2,0,1,6.78
4018,ktztgcyjez420bgh,8/29/2025 10:54,8/29/2025 11:08,3,2,0,12.15,2,86.624012056400000,1,1,2,0,0,0,0,0,0,0,0,1,42,0,0,0,1,0,0,1,0,0,0,0,1,,0,0,0,0,0,0,0,0,0,1,0,0,,4,0,0,0,0,0,1,0,0,0,,0,0,5.02,16,1,2,1,1,2,1,2,1,0,2,great for sensitive eyes compared to other brands,2,1,2,1,5,2,1,0,0,1,1,1,1,1,1,1,1,0,1,7.03
4024,hpystw8vyjxpf76s,8/29/2025 10:59,8/29/2025 11:07,3,2,0,6.63,2,68.067930461800000,0,1,1,0,0,0,0,0,0,0,0,1,37,0,0,0,1,0,0,1,0,0,0,0,1,,0,1,0,0,0,0,0,0,0,0,0,0,,4,1,,0,0,0,0,0,0,0,0,0,0,1.14,10,1,2,2,3,1,3,2,2,0,2,"Overall quality of the lens is good and eyes feel natural , not heavy.",3,1,2,2,5,2,2,0,0,2,1,2,1,1,0,3,1,1,0,5.39
4030,qme9jrws4jz5eyh1,8/29/2025 11:05,8/29/2025 11:13,3,2,0,6.67,2,89.155764187500000,1,1,2,0,0,0,0,0,0,0,0,1,41,0,0,0,1,0,1,0,0,0,0,0,1,,0,0,0,0,0,0,0,0,0,1,0,0,,3,0,0,1,0,0,1,0,0,0,,0,0,4.31,19,2,2,1,1,2,1,2,2,0,1,"Light and breathable, almost like not wearing lenses",1,2,2,1,5,2,2,0,0,1,1,1,1,1,1,1,2,0,1,2.31
4032,k0k5p8r3x9z35zfj,8/29/2025 11:07,8/29/2025 11:15,3,2,0,7.18,2,57.309240577600000,0,1,2,0,0,0,0,0,0,0,0,1,30,0,0,0,1,0,0,1,0,0,0,0,1,,0,1,0,0,0,0,0,0,0,0,0,0,,4,1,,0,0,0,0,0,0,0,0,0,0,1.70,8,2,3,2,3,2,2,1,1,0,2,The lens edges are smooth and comfortable and easy to carry.,2,1,1,3,5,2,2,0,0,1,1,2,1,1,0,1,2,1,0,5.42
4034,23byu4nd62e6wkft,8/29/2025 11:08,8/29/2025 11:33,3,2,0,23.25,2,59.636249950700000,1,1,2,0,0,0,0,0,0,0,0,1,41,0,0,0,1,0,1,0,0,0,0,0,1,,0,1,0,0,0,0,0,0,0,0,0,0,,4,1,,0,0,0,0,0,0,0,0,0,0,13.10,9,1,1,1,1,1,1,2,2,0,1,eye fatiguevery comfortable for all day wear and feeling freshed and comfort throughout the day without causing,1,1,1,2,5,2,1,0,0,1,1,1,1,1,1,1,1,1,0,9.95
4046,xjjdytxga5h4s87n,8/29/2025 11:21,8/29/2025 11:36,3,2,0,12.87,2,87.458942907900000,1,1,2,0,0,0,0,0,0,0,0,1,40,0,0,0,1,0,0,1,0,0,0,0,1,,0,1,0,0,0,0,0,0,0,0,0,0,,3,1,,0,0,0,0,0,0,0,0,0,0,7.27,10,1,2,1,1,2,2,1,1,0,1,The daily disposable design is very convinient and ensure great hygiene and it always keep my eyes moist and fresh,2,2,1,1,5,1,1,0,0,1,1,1,1,1,1,1,1,1,0,5.56
4047,hprvwc6k8e45c1n1,8/29/2025 11:22,8/29/2025 11:28,3,2,0,5.75,2,56.739770623400000,1,1,2,0,0,0,0,0,0,0,0,1,46,1,1,1,1,0,0,1,0,0,0,0,1,,0,1,0,0,0,0,0,0,0,0,0,0,,3,1,,0,0,0,0,0,0,0,0,0,0,3.54,7,2,2,2,1,2,2,1,2,0,2,that  were of   good quality and does not  irritate in summer,2,1,2,1,5,2,1,0,0,1,1,1,1,1,1,2,1,1,0,2.17
4048,nzkuebjcjsvgr3kz,8/29/2025 11:22,8/29/2025 11:28,3,2,0,5.18,2,91.395635725300000,1,1,2,0,0,0,0,0,0,0,0,1,47,1,1,1,1,0,0,1,0,0,0,0,1,,0,1,0,0,0,0,0,0,0,0,0,0,,3,1,,0,0,0,0,0,0,0,0,0,0,2.96,8,2,2,2,1,2,2,2,1,0,2,i  would say lens are of good quality  and very easy to wear and also  have good  vision,2,1,2,1,5,1,1,0,0,1,1,1,1,1,1,2,2,1,0,2.17
4049,141t4z32nj7b35j9,8/29/2025 11:24,8/29/2025 11:38,3,2,0,12.78,2,73.192838263900000,1,1,2,0,0,0,0,0,0,0,0,1,43,0,0,0,1,0,0,1,0,0,0,0,1,,0,1,0,0,0,0,0,0,0,0,0,0,,4,0,,0,0,0,1,0,0,0,0,0,0,9.86,9,2,2,1,2,1,1,2,1,0,1,"I experience no dryness or irritation, making them perfect for long wear and they are disposable design",1,1,2,1,5,1,2,0,0,1,1,1,1,1,1,1,1,1,0,2.89
4050,ap9ux6nrcy5170zf,8/29/2025 11:24,8/29/2025 11:38,3,2,0,12.75,2,85.201146508200000,1,1,2,0,0,0,0,0,0,0,0,1,42,0,0,0,1,0,1,0,0,0,0,0,1,,0,1,0,0,0,0,0,0,0,0,0,0,,4,0,,0,0,0,1,0,0,0,0,0,0,9.93,8,1,1,2,1,2,1,1,2,0,2,vision remains consistently sharp and clear in different lighting conditions,1,1,1,2,5,2,1,0,0,1,1,1,1,1,1,2,2,1,0,2.80
4055,rk85xkaffq64jz1v,8/29/2025 11:31,8/29/2025 11:35,3,2,0,3.78,2,81.114702424500000,1,1,1,0,0,0,0,0,0,0,0,1,38,0,0,0,1,0,1,0,0,0,0,0,1,,0,0,0,0,0,0,0,0,0,1,0,0,,3,0,0,1,0,1,0,0,0,0,,0,0,1.81,17,2,1,2,2,1,1,2,1,0,1,"Makes daily lens routine simple and stress free, does not require frequent eye drop.",2,2,2,1,5,1,1,0,0,1,1,1,1,1,1,2,2,0,1,1.94
4063,wum802acjqbf67dh,8/29/2025 11:40,8/29/2025 11:48,3,2,0,6.23,2,85.660642248100000,1,1,2,0,0,0,0,0,0,0,0,1,43,0,0,0,1,0,0,1,0,0,0,0,1,,0,1,0,0,0,0,0,0,0,0,0,0,,4,0,,0,0,0,1,0,0,0,0,0,0,2.09,10,1,1,2,1,2,1,2,1,0,1,"These lenses feels extremely light, almost like wearing not anything at all and they are easy to insert and remove",2,2,2,1,5,1,1,0,0,1,1,1,1,1,1,1,1,1,0,4.10
4150,dm7h12rtkw9p8j8n,8/29/2025 13:18,8/29/2025 13:29,3,2,0,9.85,2,27.932262043400000,0,1,2,0,0,0,0,0,0,0,0,1,31,0,0,0,1,0,0,1,0,0,0,0,1,,0,0,0,0,0,0,0,0,0,1,0,0,,5,0,0,0,0,0,1,0,0,0,,0,0,3.39,11,1,3,1,3,2,2,3,2,0,1,Provides crisp vision with minimal blurriness.,1,1,2,2,5,1,2,0,0,2,1,2,2,2,0,1,1,0,1,6.42
4151,hzdz3qmhu8t2zfvz,8/29/2025 13:19,8/29/2025 13:29,3,2,0,9.62,2,37.466874307200000,0,1,2,0,0,0,0,0,0,0,0,1,31,0,0,0,1,0,0,1,0,0,0,0,1,,0,0,0,0,0,0,0,0,0,1,0,0,,5,0,0,0,0,0,1,0,0,0,,0,0,2.92,8,2,2,2,3,1,1,1,1,0,1,Allows more oxygen to reach the eyes keeping them healthy.,3,2,2,1,5,1,1,0,0,1,2,1,1,1,0,2,2,0,1,6.65
4153,gg896tmd8p545fs9,8/29/2025 13:19,8/29/2025 13:29,3,2,0,9.55,2,44.870912493300000,1,1,2,0,0,0,0,0,0,0,0,1,31,0,0,0,1,0,0,1,0,0,0,0,1,,0,0,0,0,0,0,0,0,0,1,0,0,,5,0,0,0,0,0,1,0,0,0,,0,0,2.85,10,2,1,3,1,2,1,1,1,0,1,They use s unique material that keeps eyes hydrated.,2,1,1,1,5,2,1,0,0,1,1,1,1,1,1,1,1,0,1,6.67
4163,q1272gfd3nr100kf,8/29/2025 13:34,8/29/2025 13:43,3,2,0,7.72,2,41.283376907600000,0,1,2,0,0,0,0,0,0,0,0,1,31,0,1,0,1,0,0,1,0,0,0,0,1,,0,0,0,0,0,0,0,0,0,1,0,0,,4,0,0,0,0,0,0,1,1,0,,0,0,2.06,11,2,2,3,1,1,2,1,3,0,1,I feel like i have perfect vision without anything on my eyes,2,2,1,2,5,1,1,0,0,2,1,1,1,1,0,1,2,0,1,5.62
4164,et3xzw3evyu0j6be,8/29/2025 13:34,8/29/2025 13:43,3,2,0,7.72,2,39.439914106000000,0,1,2,0,0,0,0,0,0,0,0,1,32,0,1,0,1,0,0,1,0,0,0,0,1,,0,0,0,0,0,0,0,0,0,1,0,0,,4,0,0,0,1,1,0,0,0,0,,0,0,1.98,10,1,2,2,1,1,1,4,2,0,1,They provide excellent value for my health and comfort investment,2,1,1,2,5,2,3,0,0,2,1,2,1,1,0,2,1,0,1,5.71
4165,v6hjh0fqcsyuvq8f,8/29/2025 13:34,8/29/2025 13:43,3,2,0,7.53,2,61.867019694500000,0,1,1,0,0,0,0,0,0,0,0,1,30,0,1,0,1,0,0,1,0,0,0,0,1,,0,0,0,0,0,0,0,0,0,1,0,0,,5,0,0,1,0,0,1,0,0,0,,0,0,1.94,8,2,2,1,1,1,3,2,2,0,2,They are the perfect solution for my sensitive dryness prone eyes,1,2,1,1,5,1,3,0,0,2,1,1,1,1,0,1,3,0,1,5.56
4168,0w6ke1096auk7gsx,8/29/2025 13:38,8/29/2025 13:45,3,2,0,6.55,2,58.686444114400000,0,1,2,0,0,0,0,0,0,0,0,1,32,0,0,0,1,0,0,1,0,0,0,0,1,,0,0,0,0,0,0,0,0,0,1,0,0,,5,0,0,0,0,0,1,0,0,0,,0,0,2.26,9,1,1,2,1,1,2,1,2,0,1,Blocks harmful UVA/UVB rays.,1,1,2,2,5,2,2,0,0,1,1,1,2,1,0,3,1,0,1,4.26
4169,ycd9va812w71x2wu,8/29/2025 13:38,8/29/2025 13:46,3,2,0,6.53,2,54.249909684100000,0,1,1,0,0,0,0,0,0,0,0,1,31,0,0,0,1,0,0,1,0,0,0,0,1,,0,0,0,0,0,0,0,0,0,1,0,0,,5,0,0,0,0,0,1,0,0,0,,0,0,2.11,11,1,1,2,1,3,2,2,2,0,3,Designed to minimize irritation.,2,2,1,1,5,2,2,0,0,1,2,2,1,1,0,1,2,0,1,4.41
4170,fba82yvpbuqk7nwp,8/29/2025 13:38,8/29/2025 13:46,3,2,0,6.97,2,49.218119663500000,1,1,1,0,0,0,0,0,0,0,0,1,34,0,0,0,1,0,0,1,0,0,0,0,1,,0,0,0,0,0,0,0,0,0,1,0,0,,5,0,0,0,0,0,1,0,0,0,,0,0,2.00,9,3,1,2,2,3,1,1,1,0,2,No cleaning or strong just fresh lenses everyday.,2,1,2,1,5,1,2,0,0,1,1,1,1,1,1,1,1,0,1,4.91
4171,g3dswjsf79kj3kq9,8/29/2025 13:38,8/29/2025 13:46,3,2,0,6.55,2,59.374526176600000,1,1,1,0,0,0,0,0,0,0,0,1,33,0,0,0,1,0,0,1,0,0,0,0,1,,0,0,0,0,0,0,0,0,0,1,0,0,,5,0,0,0,0,0,1,0,0,0,,0,0,1.87,9,2,1,2,1,2,1,2,3,0,2,Thin yet strong easy to put in and remove.,2,1,2,1,5,2,2,0,0,1,1,1,1,1,1,2,2,0,1,4.65
4172,ypstud6sbj96be7s,8/29/2025 13:38,8/29/2025 13:46,3,2,0,6.70,2,46.732594678800000,0,1,2,0,0,0,0,0,0,0,0,1,35,0,0,0,1,0,0,1,0,0,0,0,1,,0,0,0,0,0,0,0,0,0,1,0,0,,5,0,0,0,0,0,1,0,0,0,,0,0,1.79,11,2,2,2,1,2,2,1,2,0,2,Almost like not wearing lenses at all,3,3,2,2,5,2,2,0,0,1,1,1,2,2,0,1,1,0,1,4.88
4177,6j1t6bud2eqpnv61,8/29/2025 13:52,8/29/2025 14:02,3,2,0,9.25,2,59.238750955300000,0,1,2,0,0,0,0,0,0,0,0,1,38,0,1,0,1,0,0,1,0,0,0,0,1,,0,0,0,0,0,0,0,0,0,1,0,0,,4,0,0,1,0,0,1,0,0,0,,0,0,3.70,8,1,1,3,1,2,1,1,1,0,1,They have eliminated my need for emergency comfort drops entirely,1,1,1,1,5,2,2,0,0,2,1,1,1,1,0,2,1,0,1,5.52
4178,rgpu61b0dhq6q5xy,8/29/2025 13:52,8/29/2025 14:02,3,2,0,9.08,2,53.930806659200000,0,1,1,0,0,0,0,0,0,0,0,1,39,0,1,0,1,0,0,1,0,0,0,0,1,,0,0,0,0,0,0,0,0,0,1,0,0,,5,1,0,1,0,0,0,0,0,0,,0,0,3.92,11,1,3,2,1,3,1,2,1,0,1,THey offer superior comfort that feels customized to my eyes,1,1,2,2,5,3,1,0,0,2,1,1,1,1,0,1,3,0,1,5.12
4261,zmcetnabs6r06p9c,8/29/2025 23:52,8/29/2025 23:56,3,2,0,4.15,1,69.205354229800000,1,1,2,0,0,0,0,0,0,0,0,1,39,1,1,0,1,0,1,0,0,0,0,0,1,,0,1,0,0,0,0,0,0,0,0,0,0,,3,1,,0,0,0,0,0,0,0,1,0,1,1.67,18,2,2,2,2,2,2,2,3,0,1,Keep my eyes mosit are comfortable to wear and provide good vision,2,1,1,2,5,1,2,0,0,1,1,1,1,1,1,2,1,1,0,2.47
4589,6bk9kjnpjcg6m4aj,8/31/2025 0:10,8/31/2025 0:16,3,2,0,5.18,1,63.868555775100000,0,1,1,0,0,0,0,0,0,0,0,1,33,1,1,1,1,0,1,0,0,0,0,0,1,,0,1,0,0,0,0,0,0,0,0,0,0,,5,1,,0,0,0,0,0,0,0,0,0,0,1.07,9,2,1,2,2,2,3,2,2,0,2,I can see very clearly. I didn't have any negative reaction from the lens,1,1,1,2,5,2,2,0,0,2,2,2,1,1,0,1,2,1,0,4.10
4712,trmf8z811fyrzhs1,8/31/2025 11:27,8/31/2025 11:32,3,2,0,4.47,5,39.782389265800000,1,1,1,0,0,0,0,0,0,0,0,1,37,1,1,0,1,0,1,0,0,0,0,0,1,,0,1,0,0,0,0,0,0,0,0,0,0,,5,1,,0,0,0,0,0,0,0,0,0,0,2.20,12,2,2,2,2,2,2,2,2,1,2,"Overall, I am grateful for the comfort ad vision they provide me. I did not give them a higher rating because they are times that I am bothered by them or my vision feels off.",2,1,2,2,5,2,5,0,0,2,2,1,1,1,0,2,2,1,0,2.24
4966,xdkahx1tjehcfqc2,9/1/2025 22:16,9/1/2025 22:30,3,2,0,13.53,1,70.509389385800000,0,1,1,0,0,0,0,0,0,0,0,1,31,1,1,0,1,0,1,0,0,0,0,0,1,,0,1,0,0,0,0,0,0,0,0,0,0,,5,0,,1,0,0,0,0,0,0,0,0,0,2.16,15,2,2,2,1,2,2,2,1,0,2,They have moisture and allow enough oxygen flow to my eye for a comfortable and a hydrating fit.,1,2,2,2,5,1,2,0,0,1,1,1,2,1,0,1,2,1,0,11.36
5342,z8eqvh8r4jm1psru,9/3/2025 14:42,9/3/2025 14:50,3,2,0,6.53,2,71.199982362600000,0,1,1,0,0,0,0,0,0,0,0,1,34,0,0,0,1,0,0,1,0,0,0,0,1,,0,1,0,0,0,0,0,0,0,0,0,0,,4,1,,0,0,0,0,0,0,0,0,0,0,1.91,10,1,1,1,2,1,2,1,1,0,1,These lenses are very affordable and good quality.,1,2,1,2,5,1,3,0,0,1,2,1,2,1,0,1,1,1,0,4.57
5345,snkhuttvz033m1t3,9/3/2025 14:48,9/3/2025 14:58,3,2,0,8.78,2,30.989595928700000,0,1,2,0,0,0,0,0,0,0,0,1,39,0,0,0,1,0,0,1,0,0,0,0,1,,0,1,0,0,0,0,0,0,0,0,0,0,,4,1,,0,0,0,0,0,0,0,0,0,0,2.83,12,1,2,1,1,3,1,2,1,0,3,Material feels gentle and its build quality is quite good.,1,1,2,1,5,2,2,0,0,2,1,1,1,2,0,1,2,1,0,5.90
5347,v1c44csp0a52u9h9,9/3/2025 14:55,9/3/2025 15:04,3,2,0,7.77,2,65.487160619700000,0,1,1,0,0,0,0,0,0,0,0,1,41,0,0,0,1,0,0,1,0,0,0,0,1,,0,1,0,0,0,0,0,0,0,0,0,0,,4,1,,0,0,0,0,0,0,0,0,0,0,1.21,8,1,1,3,1,2,1,2,1,0,1,Reduce glare issues and provide clear visions.,1,2,1,2,5,2,1,0,0,1,2,1,2,1,0,1,1,1,0,6.51
5351,th0xz0qr9a1eprm9,9/3/2025 15:20,9/3/2025 15:29,3,2,0,6.40,2,44.025218997700000,0,1,2,0,0,0,0,0,0,0,0,1,35,0,0,0,1,0,0,1,0,0,0,0,1,,0,1,0,0,0,0,0,0,0,0,0,0,,4,1,,0,0,0,0,0,0,0,0,0,0,1.81,7,1,2,2,1,3,1,2,1,0,2,"They are safe ,reliable and backed by high quality standards.",2,3,1,3,5,2,2,0,0,2,1,1,1,1,0,1,1,1,0,4.52
5353,f4t2rekzjujtywrd,9/3/2025 16:18,9/3/2025 16:22,3,2,0,3.83,1,70.766433701300000,0,1,2,0,0,0,0,0,0,0,0,1,35,1,1,0,1,0,0,1,0,0,0,0,1,,0,1,0,0,0,0,0,0,0,0,0,0,,3,1,,0,0,0,0,0,0,0,0,0,0,1.95,12,2,1,2,1,2,1,1,1,0,1,They work very well and I rarely suffer discomfort even when wearing them for a long period of time.,1,1,1,1,5,2,4,0,0,2,1,1,1,1,0,1,1,1,0,1.86
5578,crre5r0c0m3skckf,9/4/2025 11:00,9/4/2025 11:06,3,2,0,6.53,5,75.423203197700000,1,1,2,0,0,0,0,0,0,0,0,1,35,0,0,0,1,0,1,0,0,0,0,0,1,,0,1,0,0,0,0,0,0,0,0,0,0,,4,0,,0,0,0,0,0,0,0,0,1,0,3.02,14,2,2,2,2,3,2,1,2,0,2,"Honestly, it has got more to do with how comfortable they are for several hours wearing them, even when i am running around the park with my kids or just staring at my phone for long. They do not dry out and they make my vision clear.",2,2,2,2,5,2,1,0,0,1,1,1,1,1,1,2,2,1,0,3.51
5602,1jxhrqkxrk4yqauu,9/4/2025 11:25,9/4/2025 11:30,3,2,0,5.50,3,77.806445500600000,0,1,1,0,0,0,0,0,0,0,0,1,54,1,1,0,1,0,1,0,0,0,0,0,1,,0,1,0,0,0,0,0,0,0,0,0,0,,4,0,,0,0,0,0,0,0,0,0,1,0,1.69,15,2,2,2,2,3,3,2,2,0,2,They're very comfortable to wear all day and don't try out my eyes,3,1,2,2,5,2,2,0,0,1,2,1,1,1,0,4,2,1,0,3.80
5650,w0wvu4yttcmudwnj,9/4/2025 14:17,9/4/2025 14:22,3,2,0,5.03,3,64.553252068800000,0,1,1,0,0,0,0,0,0,0,0,1,38,1,1,0,1,0,1,0,0,0,0,0,1,,0,1,0,0,0,0,0,0,0,0,0,0,,3,1,,0,0,0,0,0,0,0,0,0,0,1.81,9,1,1,2,2,2,2,1,1,0,1,"They are so comfortable, and I can wear them for 10 hours without drying out",1,1,1,1,5,3,2,0,0,2,1,1,1,1,0,1,1,1,0,3.21
5884,x323vatsh9y9zxuq,9/4/2025 17:31,9/4/2025 17:39,3,2,0,7.22,7,72.018171421400000,0,1,2,0,0,0,0,0,0,0,0,1,48,0,0,0,1,0,0,1,0,0,0,0,1,,0,0,0,0,0,0,0,0,0,1,0,0,,3,0,0,0,0,0,0,0,0,0,,1,0,2.04,16,2,2,2,2,1,3,2,3,0,2,No itchiness or dryness to speak of. They are very good.,2,1,2,1,5,2,2,0,0,1,2,1,2,1,0,2,1,0,1,5.17
5992,m5dydv50t9gxuecy,9/4/2025 19:21,9/4/2025 19:32,3,2,0,10.48,2,59.432172041000000,0,1,2,0,0,0,0,0,0,0,0,1,53,0,0,0,1,0,1,0,0,0,0,0,1,,0,1,0,0,0,0,0,0,0,0,0,0,,3,0,,0,0,0,0,1,0,0,1,0,1,6.84,14,2,1,2,1,1,2,2,1,0,1,Because they're the most comfortable that I've ever tried compared to others my eyes do not become itchy gritty after a long day they remain comfortable and they also provide great vision while wearing.,1,1,1,1,5,3,1,0,0,1,2,1,1,1,0,1,1,1,0,3.62
6001,dparc0pe1b2hed21,9/4/2025 19:51,9/4/2025 19:58,3,2,0,6.45,2,42.329755362600000,0,1,2,0,0,0,0,0,0,0,0,1,35,0,0,0,1,0,0,1,0,0,0,0,1,,0,0,0,0,0,0,0,0,0,1,0,0,,5,0,0,0,0,0,1,0,0,0,,0,0,1.42,9,2,1,1,2,2,2,1,2,0,2,They feel comfortable all day long without irritation.,2,1,2,2,5,1,1,0,0,2,2,1,1,1,0,1,2,0,1,4.95
6002,t5frupppcvvcn27d,9/4/2025 19:51,9/4/2025 19:58,3,2,0,6.60,2,53.737641779700000,0,1,1,0,0,0,0,0,0,0,0,1,35,0,0,0,1,0,0,1,0,0,0,0,1,,0,0,0,0,0,0,0,0,0,1,0,0,,5,0,0,0,0,0,1,0,0,0,,0,0,1.42,11,1,3,1,2,1,2,2,1,0,1,The lenses keep my eyes hydrated and moist even in dry environments.,1,1,1,2,5,1,1,0,0,1,2,1,1,2,0,1,2,0,1,5.08
6009,8rz1b3daafnfmat0,9/4/2025 20:04,9/4/2025 20:12,3,2,0,6.32,2,41.622693628400000,0,1,2,0,0,0,0,0,0,0,0,1,40,0,0,0,1,0,0,1,0,0,0,0,1,,0,0,0,0,0,0,0,0,0,1,0,0,,5,0,0,0,0,0,1,0,0,0,,0,0,1.69,8,3,1,1,2,1,1,1,1,0,2,The lenses are easy to insert and remove.,1,1,2,1,5,2,2,0,0,2,1,1,2,1,0,1,1,0,1,4.60
6012,y3gkcuer4xyuj8yh,9/4/2025 20:17,9/4/2025 20:25,3,2,0,6.77,2,42.604246030200000,0,1,2,0,0,0,0,0,0,0,0,1,32,0,1,0,1,0,0,1,0,0,0,0,1,,0,0,0,0,0,0,0,0,0,1,0,0,,5,0,0,0,0,1,1,0,0,0,,0,0,2.08,10,2,3,2,1,1,2,1,1,0,1,No more dryness or irritation in my eye all day perfect for my long work hours,1,1,1,1,5,2,2,0,0,2,2,1,1,1,0,1,3,0,1,4.64
6013,ug71zt0ybzv2m10n,9/4/2025 20:17,9/4/2025 20:26,3,2,0,8.27,2,22.805700755000000,0,1,2,0,0,0,0,0,0,0,0,1,35,0,1,0,1,0,0,1,0,0,0,0,1,,0,0,0,0,0,0,0,0,0,1,0,0,,5,0,0,0,0,0,0,0,1,1,,0,0,1.88,9,2,1,1,1,2,3,1,2,0,2,Insertion is incredibly easy every morning they do not stick or fold on my finger,1,1,2,3,5,2,1,0,0,1,2,1,1,1,0,2,1,0,1,6.35
6014,jnfjdthp7ad0ysub,9/4/2025 20:17,9/4/2025 20:28,3,2,0,9.98,2,48.005359355800000,0,1,1,0,0,0,0,0,0,0,0,1,26,0,1,0,1,0,0,1,0,0,0,0,1,,0,0,0,0,0,0,0,0,0,1,0,0,,4,0,0,0,0,0,1,1,0,0,,0,0,1.82,11,1,1,2,1,1,1,2,3,0,1,They are ideal for my active lifestyle from gym workouts to weekend hikes,2,2,1,1,5,2,3,0,0,2,2,1,1,1,0,2,1,0,1,8.11
6015,wp9jrwwgt91qr76d,9/4/2025 20:18,9/4/2025 20:30,3,2,0,6.80,2,24.744613771200000,0,1,1,0,0,0,0,0,0,0,0,1,32,0,0,0,1,0,0,1,0,0,0,0,1,,0,0,0,0,0,0,0,0,0,1,0,0,,5,0,0,0,0,0,1,0,0,0,,0,0,2.34,10,2,3,2,1,2,1,2,3,0,2,I like the convenience of travel with daily disposables.,1,1,1,3,5,1,2,0,0,1,2,1,1,1,0,2,1,0,1,4.42
6016,wevs56kzm6tp6502,9/4/2025 20:18,9/4/2025 20:26,3,2,0,7.43,2,47.278776225600000,0,1,2,0,0,0,0,0,0,0,0,1,31,0,0,0,1,0,0,1,0,0,0,0,1,,0,0,0,0,0,0,0,0,0,1,0,0,,5,0,0,0,0,0,1,0,0,0,,0,0,2.34,8,2,2,3,1,2,2,1,1,0,1,My eyes feel lees dry in air conditioned rooms.,2,1,2,1,5,2,1,0,0,2,1,2,2,1,0,2,2,0,1,5.06
6017,frrhn7cmk7w4m2df,9/4/2025 20:18,9/4/2025 20:27,3,2,0,7.55,2,29.110562461700000,0,1,1,0,0,0,0,0,0,0,0,1,28,0,0,0,1,0,0,1,0,0,0,0,1,,0,0,0,0,0,0,0,0,0,1,0,0,,5,0,0,0,0,0,1,0,0,0,,0,0,2.35,9,1,3,1,2,2,1,3,1,0,1,The lenses keep my eyes looking bright and professional settings.,1,1,2,1,5,2,1,0,0,1,1,1,2,1,0,2,2,0,1,5.18
6018,u1n8a9mhjzxgvb6r,9/4/2025 20:19,9/4/2025 20:27,3,2,0,7.12,2,28.672487678600000,0,1,2,0,0,0,0,0,0,0,0,1,36,0,0,0,1,0,0,1,0,0,0,0,1,,0,0,0,0,0,0,0,0,0,1,0,0,,5,0,0,0,0,0,1,0,0,0,,0,0,1.94,11,1,2,2,1,2,1,1,2,0,1,I notice fewer headaches and eye strain compared to before.,2,1,1,1,5,2,1,0,0,1,1,1,2,1,0,1,1,0,1,5.14
6022,9sp4sp8v5j1jg9jf,9/4/2025 20:32,9/4/2025 20:38,3,2,0,5.05,2,49.675607821100000,0,1,2,0,0,0,0,0,0,0,0,1,36,0,1,0,1,0,0,1,0,0,0,0,1,,0,0,0,0,0,0,0,0,0,1,0,0,,5,0,0,0,1,0,1,0,0,0,,0,0,1.26,9,1,1,1,2,2,1,2,1,0,2,They just feel like a part of me not a medical device i have to constantly manage,1,2,3,1,5,1,1,0,0,1,2,1,1,1,0,1,2,0,1,3.74
6023,a5arrb4qh2zbavxj,9/4/2025 20:36,9/4/2025 20:46,3,2,0,9.12,2,24.707550087700000,0,1,2,0,0,0,0,0,0,0,0,1,32,0,0,0,1,0,0,1,0,0,0,0,1,,0,0,0,0,0,0,0,0,0,1,0,0,,5,0,0,0,0,0,1,0,0,0,,0,0,3.53,12,2,2,2,1,2,2,1,1,0,2,They make my eyes feel naturally hydrated not artificially wet.,1,3,2,1,5,1,2,0,0,1,1,2,1,1,0,2,1,0,1,5.54
6026,q5c86s120gzd1qn3,9/4/2025 20:36,9/4/2025 20:46,3,2,0,9.08,2,29.285932269600000,0,1,1,0,0,0,0,0,0,0,0,1,34,0,0,0,1,0,0,1,0,0,0,0,1,,0,0,0,0,0,0,0,0,0,1,0,0,,5,0,0,0,0,0,1,0,0,0,,0,0,3.45,11,1,2,1,1,2,2,1,2,0,1,I like that they designed with eye health in my mind not just vision.,1,2,1,1,5,2,3,0,0,1,1,2,1,1,0,1,3,0,1,5.61
6030,anuy0g08f9e3vg2j,9/4/2025 20:42,9/4/2025 20:49,3,2,0,5.78,2,60.200038997800000,0,1,2,0,0,0,0,0,0,0,0,1,28,0,1,0,1,0,0,1,0,0,0,0,1,,0,0,0,0,0,0,0,0,0,1,0,0,,5,0,0,1,1,0,0,0,0,0,,0,0,1.30,9,1,2,1,1,1,2,3,1,0,1,They make driving through a tunnel and back into bright sunlight less jarring,1,1,2,2,5,1,1,0,0,1,1,1,1,2,0,1,2,0,1,4.42
6031,14kdnft0atwpfxwu,9/4/2025 20:42,9/4/2025 20:49,3,2,0,6.13,2,46.667389258900000,0,1,2,0,0,0,0,0,0,0,0,1,38,0,1,0,1,0,0,1,0,0,0,0,1,,0,0,0,0,0,0,0,0,0,1,0,0,,4,0,0,0,0,0,1,1,0,0,,0,0,1.32,12,1,1,2,1,3,2,1,1,0,2,I can wear them for my video calls without that dry glassy eyed look on camera,1,1,1,1,5,2,3,0,0,1,1,2,1,1,0,2,1,0,1,4.74
6032,9czw4ey7d8t9us48,9/4/2025 20:42,9/4/2025 20:49,3,2,0,5.98,2,40.428896003700000,0,1,1,0,0,0,0,0,0,0,0,1,33,0,1,0,1,0,0,1,0,0,0,0,1,,0,0,0,0,0,0,0,0,0,1,0,0,,5,0,0,1,0,1,0,0,0,0,,0,0,1.20,10,2,1,1,2,2,1,3,1,0,1,I can hop in the pool for a quick dip and not feel immediate discomfort afterward,1,1,1,3,5,2,1,0,0,1,1,2,1,1,0,1,2,0,1,4.74
6038,xa7gh863m44u3zrn,9/4/2025 20:52,9/4/2025 20:59,3,2,0,6.12,2,41.356665704300000,0,1,2,0,0,0,0,0,0,0,0,1,29,0,0,0,1,0,0,1,0,0,0,0,1,,0,0,0,0,0,0,0,0,0,1,0,0,,5,0,0,0,0,0,1,0,0,0,,0,0,0.92,11,1,2,2,2,1,1,3,1,0,2,I don't get that gritty or sandy feeling that i used to with other brans.,1,3,2,2,5,1,1,0,0,1,2,1,1,1,0,2,2,0,1,5.16
6045,0qdg8exabzyy3wcm,9/4/2025 21:06,9/4/2025 21:23,3,2,0,15.28,7,79.758754689600000,0,1,4,0,0,0,0,0,0,0,0,1,55,0,0,1,1,0,1,0,0,0,0,0,1,,0,1,0,0,0,0,0,0,0,0,0,0,,3,0,,0,0,0,1,0,0,0,1,0,1,7.37,6,2,1,2,2,3,2,2,3,0,2,"I love how thin and breathable they feel on my eyes. The high oxygen flow keeps my corneas healthy and prevents that tired, gritty feeling I got with other brands.",1,3,2,1,5,3,2,0,0,1,1,1,1,2,0,1,2,1,0,7.89
6106,ctyy11ff7s5c05zr,9/4/2025 22:46,9/4/2025 22:54,3,2,0,7.40,7,40.480098065000000,0,1,4,0,0,0,0,0,0,0,0,1,52,0,0,0,1,0,1,0,0,0,0,0,1,,0,1,0,0,0,0,0,0,0,0,0,0,,3,0,,0,0,0,0,0,1,0,1,0,1,3.92,8,2,2,2,1,3,2,2,3,0,2,"The vision correction is consistently sharp and stable. Whether I'm reading screens or driving at night, these lenses provide crisp focus without any fluctuations.",1,3,2,2,5,1,2,0,0,1,2,1,1,2,0,2,1,1,0,3.44
6107,knh23xdrzbpc2307,9/4/2025 22:46,9/4/2025 23:03,3,2,0,14.20,7,55.732568062300000,0,1,4,0,0,0,0,0,0,0,0,1,53,0,0,0,1,0,1,0,0,0,0,0,1,,0,1,0,0,0,0,0,0,0,0,0,0,,3,1,,0,0,0,0,0,0,0,1,0,1,6.26,10,2,2,1,1,2,2,2,2,0,1,"They're exceptionally easy to handle during insertion. The slightly blue tint makes them visible against any surface, which is perfect for someone with less steady hands.",2,2,1,3,5,3,2,0,0,1,2,1,2,1,0,2,2,1,0,7.92
6130,uv8fy7b8kjjc8rju,9/4/2025 23:16,9/4/2025 23:40,3,2,0,13.12,7,63.556092567000000,0,1,2,0,0,0,0,0,0,0,0,1,61,0,0,0,1,0,1,0,0,0,0,0,1,,0,1,0,0,0,0,0,0,0,0,0,0,,3,0,,0,1,0,0,0,0,0,1,0,1,7.00,14,2,3,1,2,3,2,2,2,0,2,They provide excellent comfort for astigmatism correction. The stable rotation keeps my vision consistently sharp without the occasional blurring I experienced before.,2,1,3,2,5,2,4,0,0,2,1,2,1,1,0,3,2,1,0,6.10
6131,ezuj2fw34eyc9wu2,9/4/2025 23:16,9/4/2025 23:29,3,2,0,11.70,7,25.600330844300000,0,1,2,0,0,0,0,0,0,0,0,1,46,0,0,0,1,0,1,0,0,0,0,0,1,,0,1,0,0,0,0,0,0,0,0,0,0,,4,0,,0,0,0,0,0,0,1,1,0,1,7.17,14,2,3,1,2,3,2,2,3,0,2,"These lenses resist protein buildup remarkably well. Even after a long day, they stay clear and don't develop that cloudy film that reduces visual acuity.",1,2,2,3,5,3,3,0,0,1,1,2,2,1,0,2,1,1,0,4.51
6132,pfe9kvn5gxzfua3e,9/4/2025 23:17,9/4/2025 23:29,3,2,0,10.98,7,27.576772201000000,0,1,2,0,0,0,0,0,0,0,0,1,22,0,0,0,1,0,1,0,0,0,0,0,1,,0,1,0,0,0,0,0,0,0,0,0,0,,3,0,,0,0,1,0,1,0,0,0,0,0,7.57,8,3,2,2,4,4,4,3,2,0,1,"I'm really satisfied with these lenses because they stay comfortable all day, even after hours of screen time. My eyes never feel dry or tired, which is awesome for my busy schedule.",2,3,2,3,5,1,2,0,0,2,2,2,2,1,0,1,1,1,0,3.40
6133,10yqvs96ftqcbwgy,9/4/2025 23:17,9/4/2025 23:34,3,2,0,15.82,7,29.292755675600000,0,1,1,0,0,0,0,0,0,0,0,1,38,0,0,0,1,0,1,0,0,0,0,0,1,,0,1,0,0,0,0,0,0,0,0,0,0,,3,1,,0,0,0,0,1,0,0,0,0,0,13.14,7,4,3,2,2,1,3,2,2,0,1,"The vision clarity is just perfect—no blurriness or adjustments needed. I forget I'm even wearing them, which makes my day so much easier.",2,3,2,2,5,3,2,0,0,1,2,2,2,1,0,2,1,1,0,2.66
6134,pph75nq9725rzypr,9/4/2025 23:17,9/4/2025 23:37,3,2,0,19.43,7,26.246496754000000,0,1,2,0,0,0,0,0,0,0,0,1,19,0,0,0,1,0,1,0,0,0,0,0,1,,0,1,0,0,0,0,0,0,0,0,0,0,,3,1,,0,0,0,0,1,0,0,0,0,0,17.50,7,3,1,2,3,3,3,3,1,0,1,"They’re super easy to put in and remove, and I’ve had zero irritation. Plus, the daily disposable style keeps things fresh and low-maintenance.",1,2,2,2,5,3,2,0,0,2,2,2,1,1,0,2,1,1,0,1.91
6136,zcb3exp7rhczccy5,9/4/2025 23:21,9/4/2025 23:40,3,2,0,18.37,7,38.385203649800000,0,1,1,0,0,0,0,0,0,0,0,1,44,0,0,0,1,0,1,0,0,0,0,0,1,,0,1,0,0,0,0,0,0,0,0,0,0,,3,1,,0,0,0,0,1,0,0,0,0,0,16.97,6,2,1,2,1,2,2,2,3,0,1,"As someone who's always on the go, these lenses don’t slip or move around. They handle long days without any hassle, which I totally appreciate.",2,1,2,2,5,3,1,0,0,2,2,1,1,1,0,2,1,1,0,1.38
6139,6vm81pz9j9w0sc5y,9/4/2025 23:31,9/5/2025 0:11,3,2,0,37.97,7,39.429640442000000,0,1,2,0,0,0,0,0,0,0,0,1,23,1,0,0,1,0,1,0,0,0,0,0,1,,0,1,0,0,0,0,0,0,0,0,0,0,,3,0,,0,0,0,0,1,1,0,0,0,0,33.81,6,4,1,2,2,2,2,2,2,0,1,Perfect for gym sessions. They don't shift during weightlifting like my old monthly lenses did.,2,1,1,2,5,2,4,0,0,1,2,1,1,1,0,1,1,1,0,4.13
6145,1j7s0sk8s0ptyh8f,9/4/2025 23:39,9/4/2025 23:56,3,2,0,15.08,7,44.479357540200000,0,1,2,0,0,0,0,0,0,0,0,1,22,0,0,0,1,0,1,0,0,0,0,0,1,,0,1,0,0,0,0,0,0,0,0,0,0,,5,0,,0,0,0,1,0,0,0,0,0,0,4.42,12,2,2,1,2,2,1,2,3,0,1,"The balanced design prevents lens rotation issues. They stay perfectly positioned all day, providing stable vision without any unexpected blurring moments.",2,4,2,2,5,4,3,0,0,1,1,2,2,1,0,2,1,1,0,10.65
6147,8mmfn1r9cct0yqek,9/4/2025 23:40,9/4/2025 23:50,3,2,0,8.17,7,51.703452619300000,0,1,2,0,0,0,0,0,0,0,0,1,35,1,0,0,1,0,1,0,0,0,0,0,1,,0,1,0,0,0,0,0,0,0,0,0,0,,3,0,,0,0,0,0,1,1,0,0,0,0,2.49,6,4,2,2,1,2,2,1,1,0,1,They stay moist for 14 hours straight. My eyes don't get dry even during long flights.,2,2,2,1,5,1,4,0,0,1,2,1,1,1,0,1,1,1,0,5.64
6159,rvbpy14jkqgsst98,9/5/2025 0:08,9/5/2025 0:24,3,2,0,14.15,7,67.235749053700000,1,1,2,0,0,0,0,0,0,0,0,1,52,1,1,1,1,0,0,1,0,0,0,0,1,,0,1,0,0,0,0,0,0,0,0,0,0,,3,1,,0,0,0,0,0,1,0,0,0,0,10.34,8,2,1,1,2,2,2,1,3,0,2,"The lenses are very thin and soft, making them almost unnoticeable when I'm wearing them, which I really like.",2,1,2,2,5,2,3,0,0,1,1,1,1,1,1,2,2,1,0,3.79
6168,u48bve1ydyb4m4d8,9/5/2025 1:42,9/5/2025 1:53,3,2,0,9.37,7,54.550112570600000,0,1,2,0,0,0,0,0,0,0,0,1,37,0,0,0,1,0,1,0,0,0,0,0,1,,0,1,0,0,0,0,0,0,0,0,0,0,,4,0,,0,0,1,0,0,0,1,0,0,0,3.96,9,2,3,1,3,3,2,2,2,0,2,"They provide consistent comfort in dry climates. Even during winter in heated buildings, these lenses don't dry out like others I've tried previously.",2,2,3,2,5,2,2,0,0,1,2,1,2,1,0,2,2,1,0,5.38
6291,7aaw6mr9ufwgk37g,9/5/2025 12:23,9/5/2025 12:29,3,2,0,3.05,2,62.457137144100000,0,1,2,0,0,0,0,0,0,0,0,1,47,0,0,0,1,0,0,1,0,0,0,0,1,,0,1,0,0,0,0,0,0,0,0,0,0,,3,1,,0,0,0,0,0,0,0,0,0,0,1.69,7,2,2,1,2,2,2,1,2,0,2,they feel extremly comfortable throughout the entire day,2,2,2,2,5,2,1,0,0,1,1,1,2,1,0,2,2,1,0,1.33
6294,dmrvar539n6mgxsx,9/5/2025 12:26,9/5/2025 12:43,3,2,0,15.58,2,56.460186375600000,1,1,2,0,0,0,0,0,0,0,0,1,43,0,0,0,1,0,0,1,0,0,0,0,1,,0,1,0,0,0,0,0,0,0,0,0,0,,3,1,,0,0,0,0,0,0,0,0,0,0,9.07,8,2,2,1,2,2,1,1,3,0,1,"Convenient and hygienic option, daily disposable, no cleaning or storage needed and easy to put on",2,2,2,3,5,1,1,0,0,1,1,1,1,1,1,1,1,1,0,6.47
6295,19ewzhs538n2fq80,9/5/2025 12:27,9/5/2025 12:39,3,2,0,10.83,2,61.913288121900000,0,1,2,0,0,0,0,0,0,0,0,1,47,0,0,0,1,0,1,0,0,0,0,0,1,,0,1,0,0,0,0,0,0,0,0,0,0,,3,1,,0,0,0,0,0,0,0,0,0,0,9.17,7,2,1,2,2,2,1,1,2,0,2,my eye don't feel dry even after long hours of wear,2,1,1,2,5,1,2,0,0,2,1,1,1,1,0,2,2,1,0,1.62
6297,ys8d8f31wqfsz5sn,9/5/2025 12:28,9/5/2025 12:37,3,2,0,7.92,2,63.367418748700000,0,1,2,0,0,0,0,0,0,0,0,1,40,0,0,0,1,0,0,1,0,0,0,0,1,,0,1,0,0,0,0,0,0,0,0,0,0,,4,1,,0,0,0,0,0,0,0,0,0,0,2.97,11,1,2,3,1,2,2,1,2,0,1,Vision sharpness is great in this product.,2,3,1,2,5,1,2,0,0,2,1,1,2,1,0,1,2,1,0,4.90
6300,wpqk77dqu2npw9s2,9/5/2025 12:34,9/5/2025 12:43,3,2,0,8.03,2,55.905713105900000,0,1,2,0,0,0,0,0,0,0,0,1,44,0,0,0,1,0,1,0,0,0,0,0,1,,0,1,0,0,0,0,0,0,0,0,0,0,,3,1,,0,0,0,0,0,0,0,0,0,0,5.51,8,1,1,2,2,1,2,2,2,0,2,they provide clear and consistent vision without blurriness,1,2,1,2,5,1,2,0,0,1,2,1,1,1,0,2,2,1,0,2.48
6301,u5znxpmhf6bsgdzs,9/5/2025 12:35,9/5/2025 12:43,3,2,0,7.57,2,48.408161574000000,0,1,1,0,0,0,0,0,0,0,0,1,47,0,0,0,1,0,0,1,0,0,0,0,1,,0,1,0,0,0,0,0,0,0,0,0,0,,3,1,,0,0,0,0,0,0,0,0,0,0,4.97,8,2,1,1,2,1,2,2,1,0,1,very convenient to use as daily disposables—no cleaning required,2,1,1,2,5,2,1,0,0,1,1,1,2,1,0,2,2,1,0,2.54
6303,c6ssqqjjvcw38g3t,9/5/2025 12:36,9/5/2025 12:43,3,2,0,6.92,2,49.895712551300000,0,1,1,0,0,0,0,0,0,0,0,1,46,0,0,0,1,0,1,0,0,0,0,0,1,,0,1,0,0,0,0,0,0,0,0,0,0,,3,1,,0,0,0,0,0,0,0,0,0,0,4.34,7,1,1,2,2,1,1,2,2,0,1,easy to put in and take out compared to other lenses I’ve tried,1,2,2,1,5,2,1,0,0,1,1,1,2,2,0,1,1,1,0,2.52
6304,f8hdbgn76rawgdbj,9/5/2025 12:36,9/5/2025 12:41,3,2,0,4.00,2,64.004758442200000,0,1,2,0,0,0,0,0,0,0,0,1,41,0,0,0,1,0,0,1,0,0,0,0,1,,0,1,0,0,0,0,0,0,0,0,0,0,,4,1,,0,0,0,0,0,0,0,0,0,0,1.15,8,1,1,1,2,1,1,2,1,0,1,These lenses move naturally with my eyes and eyes looks natural.,1,1,2,2,5,3,1,0,0,2,1,1,2,1,0,1,1,1,0,2.79
6305,5p8sywews6yh2jya,9/5/2025 12:36,9/5/2025 12:43,3,2,0,6.42,2,63.417923148100000,0,1,1,0,0,0,0,0,0,0,0,1,47,0,0,0,1,0,0,1,0,0,0,0,1,,0,1,0,0,0,0,0,0,0,0,0,0,,3,1,,0,0,0,0,0,0,0,0,0,0,3.85,8,2,2,1,1,2,2,2,1,0,1,they stay moist and don’t cause irritation,2,1,2,2,5,2,1,0,0,1,1,1,2,1,0,2,1,1,0,2.52
6306,cnxkvc4fz45hvcgk,9/5/2025 12:46,9/5/2025 12:56,3,2,0,8.90,2,55.788794095500000,0,1,2,0,0,0,0,0,0,0,0,1,45,0,0,0,1,0,0,1,0,0,0,0,1,,0,1,0,0,0,0,0,0,0,0,0,0,,4,1,,0,0,0,0,0,0,0,0,0,0,2.71,7,1,1,1,2,3,2,1,1,0,1,The packaging is user-friendly and build quality is good.,1,2,1,2,5,2,1,0,0,2,1,1,1,2,0,1,2,1,0,6.15
6307,5waczbf6zuesrnq8,9/5/2025 12:46,9/5/2025 12:56,3,2,0,8.03,2,55.080439466800000,0,1,2,0,0,0,0,0,0,0,0,1,43,0,0,0,1,0,0,1,0,0,0,0,1,,0,1,0,0,0,0,0,0,0,0,0,0,,4,1,,0,0,0,0,0,0,0,0,0,0,2.32,9,2,2,1,1,2,2,3,3,0,1,"The product is widely available , making it convenient for me to repurchase.",1,1,2,2,5,2,2,0,0,2,1,1,1,1,0,1,1,1,0,5.65
6309,8nb6tc2f2zaxzrng,9/5/2025 12:51,9/5/2025 13:06,3,2,0,13.57,2,44.682683477100000,1,1,2,0,0,0,0,0,0,0,0,1,45,0,0,0,1,0,0,1,0,0,0,0,1,,0,1,0,0,0,0,0,0,0,0,0,0,,4,0,,0,0,0,1,0,0,0,0,0,0,1.23,11,2,1,1,1,1,1,2,2,0,1,The lenses are easy to apply and remove very convinient daily without irritation or bluriness,2,1,1,2,5,2,1,0,0,1,1,1,1,1,1,1,2,1,0,12.29
6310,60wfz54q6at1prpx,9/5/2025 12:51,9/5/2025 13:06,3,2,0,13.43,2,60.289601382200000,1,1,2,0,0,0,0,0,0,0,0,1,44,0,0,0,1,0,0,1,0,0,0,0,1,,0,1,0,0,0,0,0,0,0,0,0,0,,3,0,,0,0,0,1,0,0,0,0,0,0,1.17,10,1,2,1,1,1,1,2,1,0,2,"They stay comfortable all day without dryness, even in long screen use",1,2,2,1,5,2,1,0,0,1,1,1,1,1,1,2,1,1,0,12.22
6311,4bgjhach92u9e4q2,9/5/2025 12:52,9/5/2025 12:59,3,2,0,5.82,2,82.581647921600000,1,1,2,0,0,0,0,0,0,0,0,1,40,0,0,0,1,0,1,1,0,0,0,0,1,,0,0,0,0,0,0,0,0,0,1,0,0,,3,0,0,0,0,0,1,0,0,0,,0,0,1.86,15,2,1,1,2,2,2,1,1,0,1,very comfortable to wear all day,1,1,1,2,5,1,2,0,0,1,1,1,1,1,1,1,1,0,1,3.91
6316,ycbha9da47kvdx86,9/5/2025 12:55,9/5/2025 13:06,3,2,0,9.88,2,74.127023356100000,1,1,2,0,0,0,0,0,0,0,0,1,44,0,0,0,1,0,0,1,0,0,0,0,1,,0,1,0,0,0,0,0,0,0,0,0,0,,3,0,,0,0,0,1,0,0,0,0,0,0,2.62,10,2,1,1,1,2,2,1,1,0,2,The daily disposable options makes them hygienic and worry free to use,2,2,2,1,5,2,2,0,0,1,1,1,1,1,1,2,2,1,0,7.23
6318,7m6h2d3n3pp76v8h,9/5/2025 12:56,9/5/2025 13:08,3,2,0,11.20,2,74.050143168500000,1,1,2,0,0,0,0,0,0,0,0,1,42,0,0,0,1,0,1,0,0,0,0,0,1,,0,1,0,0,0,0,0,0,0,0,0,0,,4,0,,0,0,0,1,0,0,0,0,0,0,3.26,11,1,2,1,2,1,1,2,2,0,1,I can wear them for hours without noticing they are even there,1,2,2,1,5,2,2,0,0,1,1,1,1,1,1,1,1,1,0,7.89
6319,jb6mhngsc8n8p5gn,9/5/2025 12:56,9/5/2025 13:08,3,2,0,11.20,2,71.945335524500000,1,1,2,0,0,0,0,0,0,0,0,1,43,0,0,0,1,0,0,1,0,0,0,0,1,,0,1,0,0,0,0,0,0,0,0,0,0,,4,0,,0,0,0,1,0,0,0,0,0,0,3.19,10,1,2,2,2,1,2,2,1,0,2,They reduce eye strain and discomfort compared to other brand I tried,2,1,2,1,5,2,2,0,0,1,1,1,1,1,1,2,1,1,0,7.96
6320,vamftz4n3vmphpp2,9/5/2025 12:59,9/5/2025 13:08,3,2,0,7.67,2,49.899042081500000,0,1,2,0,0,0,0,0,0,0,0,1,41,0,0,0,1,0,0,1,0,0,0,0,1,,0,1,0,0,0,0,0,0,0,0,0,0,,4,1,,0,0,0,0,0,0,0,0,0,0,4.62,7,1,1,1,1,2,2,2,1,0,2,The durability and softness of this product make it different from the other brands.,2,3,2,2,5,1,2,0,0,2,1,1,1,1,0,1,2,1,0,2.99
6321,1uzn12ejtsm6qquy,9/5/2025 13:01,9/5/2025 13:08,3,2,0,6.20,2,72.656459659900000,1,1,2,0,0,0,0,0,0,0,0,1,35,0,0,0,1,0,1,1,0,0,0,0,1,,0,0,0,0,0,0,0,0,0,1,0,0,,4,0,0,0,0,0,1,0,0,0,,0,0,2.55,16,2,2,1,1,2,2,2,2,0,2,this brand give clear and sharp vision,2,2,1,1,5,1,1,0,0,1,1,1,1,1,1,1,1,0,1,3.60
6323,3t7debrsevge3pm2,9/5/2025 13:01,9/5/2025 13:08,3,2,0,6.07,2,84.789942477800000,1,1,2,0,0,0,0,0,0,0,0,1,39,0,0,0,1,0,1,1,0,0,0,0,1,,0,0,0,0,0,0,0,0,0,1,0,0,,3,1,0,0,0,0,0,0,0,0,,0,0,2.46,17,1,1,2,1,1,2,2,1,0,1,eye do not fee dry and irritated,1,1,1,1,5,2,2,0,0,1,1,1,1,1,1,1,2,0,1,3.56
6325,1nu5q96905a9s7ky,9/5/2025 13:01,9/5/2025 13:08,3,2,0,5.95,2,68.838122210000000,1,1,2,0,0,0,0,0,0,0,0,1,40,0,0,0,1,0,1,1,0,0,0,0,1,,0,0,0,0,0,0,0,0,0,1,0,0,,3,1,0,0,0,0,0,0,0,0,,0,0,2.37,15,1,2,1,2,2,1,2,1,0,2,No redness or discomfort after long use,1,1,1,2,5,2,1,0,0,1,1,1,1,1,1,1,2,0,1,3.54
6337,4yav5323fba3u2kk,9/5/2025 13:03,9/5/2025 13:13,3,2,0,9.13,2,56.235565683700000,0,1,2,0,0,0,0,0,0,0,0,1,45,0,0,0,1,0,1,0,0,0,0,0,1,,0,1,0,0,0,0,0,0,0,0,0,0,,3,1,,0,0,0,0,0,0,0,0,0,0,4.56,7,2,1,2,2,1,2,1,2,0,2,work well even when I spend long hours on digital devices,2,1,2,2,5,1,2,0,0,1,1,2,1,1,0,1,2,1,0,4.52
6342,dgmp5mg7yqnp2k3k,9/5/2025 13:03,9/5/2025 13:13,3,2,0,8.42,2,79.429704800500000,1,1,2,0,0,0,0,0,0,0,0,1,49,0,0,0,1,0,0,1,0,0,0,0,1,,0,1,0,0,0,0,0,0,0,0,0,0,,3,1,,0,0,0,0,0,0,0,0,0,0,3.98,8,1,1,2,2,1,2,2,2,0,1,my eyes feel fresh every day with a new pair,1,1,2,1,5,1,2,0,0,1,1,1,1,1,1,2,1,1,0,4.38
6356,qdt18rq980vbbf0h,9/5/2025 13:04,9/5/2025 13:13,3,2,0,7.88,2,66.124783191800000,1,1,2,0,0,0,0,0,0,0,0,1,48,0,0,0,1,0,1,0,0,0,0,0,1,,0,1,0,0,0,0,0,0,0,0,0,0,,3,1,,0,0,0,0,0,0,0,0,0,0,3.35,7,1,2,1,1,1,2,2,1,0,2,great option for travel since I don’t need solution or storage cases,1,1,2,2,5,2,1,0,0,1,1,1,1,1,1,1,1,1,0,4.49
6374,3m6rf6qubhj9bfy1,9/5/2025 13:05,9/5/2025 13:13,3,2,0,7.07,2,51.165286484600000,0,1,2,0,0,0,0,0,0,0,0,1,47,0,0,0,1,0,1,0,0,0,0,0,1,,0,1,0,0,0,0,0,0,0,0,0,0,,3,1,,0,0,0,0,0,0,0,0,0,0,2.70,9,1,1,2,2,1,1,1,2,0,2,they are lightweight and I hardly notice I’m wearing them,2,1,2,1,5,1,1,0,0,1,1,1,2,1,0,2,2,1,0,4.31
6377,qc8axsbmf0ad7map,9/5/2025 13:05,9/5/2025 13:11,3,2,0,5.03,2,49.928996961800000,0,1,2,0,0,0,0,0,0,0,0,1,40,0,0,0,1,0,0,1,0,0,0,0,1,,0,1,0,0,0,0,0,0,0,0,0,0,,4,1,,0,0,0,0,0,0,0,0,0,0,2.23,7,1,1,1,2,3,1,2,2,0,1,I appreciate that lenses stay stable even when i blink or move.,2,1,2,3,5,1,2,0,0,1,1,1,2,1,0,1,1,1,0,2.74
6392,qc4e1r1jtf8b0rsz,9/5/2025 13:05,9/5/2025 13:13,3,2,0,6.55,2,75.434607090700000,1,1,2,0,0,0,0,0,0,0,0,1,47,0,0,0,1,0,0,1,0,0,0,0,1,,0,1,0,0,0,0,0,0,0,0,0,0,,3,1,,0,0,0,0,0,0,0,0,0,0,2.05,5,2,1,2,1,2,1,1,2,0,1,provide good comfort in both air-conditioned and outdoor environments,1,1,1,1,5,2,1,0,0,1,1,1,1,1,1,1,2,1,0,4.46
6445,d86z7p2evq4bfw6a,9/5/2025 13:13,9/5/2025 13:24,3,2,0,9.75,2,80.085389127200000,1,1,2,0,0,0,0,0,0,0,0,1,40,0,0,0,1,0,0,1,0,0,0,0,1,,0,1,0,0,0,0,0,0,0,0,0,0,,4,1,,0,0,0,0,0,0,0,0,0,0,3.88,7,2,1,1,2,2,1,1,2,0,1,"Easy to put on and remove, hassle-free, Daily disposable design makes them hygienic and convenient and easy to put on",2,1,1,1,5,2,2,0,0,1,1,1,1,1,1,2,1,1,0,5.83
6456,t6rdh7tqmyzp23z7,9/5/2025 13:15,9/5/2025 13:25,3,2,0,8.63,2,66.885652206200000,1,1,2,0,0,0,0,0,0,0,0,1,43,0,0,0,1,0,0,1,0,0,0,0,1,,0,1,0,0,0,0,0,0,0,0,0,0,,3,0,,0,0,0,1,0,0,0,0,0,0,4.60,10,2,2,2,1,2,1,1,1,0,1,"I love how light and breathable they feel on my eyes, My eyes don’t get red or itchy after wearing them all day.",1,1,2,2,5,1,1,0,0,1,1,1,1,1,1,1,1,1,0,3.97
6457,68qcvvzegqnam3jf,9/5/2025 13:15,9/5/2025 13:23,3,2,0,6.33,2,82.897412888700000,1,1,2,0,0,0,0,0,0,0,0,1,44,0,0,0,1,0,0,1,0,0,0,0,1,,0,1,0,0,0,0,0,0,0,0,0,0,,4,0,,0,0,0,1,0,0,0,0,0,0,4.43,11,1,1,1,1,1,2,2,2,0,2,"They provide excellent vision stability, even when I’m moving or exercising.",1,1,1,2,5,2,1,0,0,1,1,1,1,1,1,1,1,1,0,1.86
6458,wqj1djkds8cqgsue,9/5/2025 13:15,9/5/2025 13:18,3,2,0,2.27,2,65.482274395600000,0,1,2,0,0,0,0,0,0,0,0,1,47,0,0,0,1,0,1,0,0,0,0,0,1,,0,1,0,0,0,0,0,0,0,0,0,0,,3,1,,0,0,0,0,0,0,0,0,0,0,0.76,8,2,2,2,1,1,2,1,1,0,2,they stay stable in my eyes without moving around,2,1,2,1,5,1,2,0,0,2,1,1,1,1,0,2,1,1,0,1.45
6459,6t6kg8uawnsaqfua,9/5/2025 13:15,9/5/2025 13:25,3,2,0,8.22,2,77.251959727600000,1,1,2,0,0,0,0,0,0,0,0,1,38,0,0,0,1,0,1,0,0,0,0,0,1,,0,1,0,0,0,0,0,0,0,0,0,0,,3,0,,0,0,0,1,0,0,0,0,0,0,4.60,9,1,1,2,1,2,1,2,2,0,2,"They are perfect for my busy lifestyle, requiring no cleaning routine",1,2,1,2,5,1,2,0,0,1,1,1,1,1,1,1,2,1,0,3.57
6461,yfrnq9c5hxanbe9p,9/5/2025 13:15,9/5/2025 13:25,3,2,0,8.23,2,53.414309885200000,0,1,2,0,0,0,0,0,0,0,0,1,45,0,0,0,1,0,0,1,0,0,0,0,1,,0,1,0,0,0,0,0,0,0,0,0,0,,3,1,,0,0,0,0,0,0,0,0,0,0,2.00,9,1,2,1,2,1,2,2,1,0,1,"Daily disposable, no cleaning or storage needed and eyes stayed moist, no dryness or irritation free",2,1,2,1,5,2,1,0,0,1,2,1,1,1,0,2,2,1,0,6.21
6462,dr8r962kfbdpza09,9/5/2025 13:16,9/5/2025 13:26,3,2,0,9.15,2,60.085723470200000,1,1,2,0,0,0,0,0,0,0,0,1,38,0,0,0,1,0,1,0,0,0,0,0,1,,0,1,0,0,0,0,0,0,0,0,0,0,,4,0,,0,0,0,1,0,0,0,0,0,0,4.06,10,1,2,2,2,1,2,1,1,0,2,"These lenses fit securely and never shift or cause distractions,My eyes don’t get red or itchy after wearing",2,2,2,1,5,2,1,0,0,1,1,1,1,1,1,2,1,1,0,5.02
6463,7v8rqs6xbc52c8ng,9/5/2025 13:16,9/5/2025 13:26,3,2,0,9.02,2,80.771028484200000,1,1,2,0,0,0,0,0,0,0,0,1,43,0,0,0,1,0,0,1,0,0,0,0,1,,0,1,0,0,0,0,0,0,0,0,0,0,,3,0,,0,0,0,1,0,0,0,0,0,0,3.95,8,1,2,1,1,1,2,2,2,0,1,"They give me reliable comfort and clarity, whether indoors or outdoors",2,2,2,1,5,2,2,0,0,1,1,1,1,1,1,1,2,1,0,5.03
6464,jgja552y4vaz3hq2,9/5/2025 13:17,9/5/2025 13:24,3,2,0,6.88,2,64.964674752100000,0,1,2,0,0,0,0,0,0,0,0,1,42,0,0,0,1,0,0,1,0,0,0,0,1,,0,1,0,0,0,0,0,0,0,0,0,0,,4,1,,0,0,0,0,0,0,0,0,0,0,2.15,9,1,2,1,2,2,1,3,1,0,2,They are easy to replace and maintain.,1,1,1,2,5,2,2,0,0,1,1,1,1,2,0,1,2,1,0,4.69
6466,zr665z30ewp24naj,9/5/2025 13:17,9/5/2025 13:24,3,2,0,6.70,2,58.847736975200000,0,1,2,0,0,0,0,0,0,0,0,1,46,0,0,0,1,0,0,1,0,0,0,0,1,,0,1,0,0,0,0,0,0,0,0,0,0,,4,1,,0,0,0,0,0,0,0,0,0,0,2.37,10,1,3,1,2,1,2,3,2,0,2,I prefer them for their consistent high performance.,2,1,1,1,5,1,2,0,0,1,2,1,2,1,0,1,1,1,0,4.28
6468,z61cd5jmcyde5kvu,9/5/2025 13:21,9/5/2025 13:30,3,2,0,7.18,2,59.836994190700000,0,1,1,0,0,0,0,0,0,0,0,1,51,0,0,0,1,0,1,0,0,0,0,0,1,,0,1,0,0,0,0,0,0,0,0,0,0,,3,1,,0,0,0,0,0,0,0,0,0,0,4.71,8,2,1,1,1,2,2,1,1,0,2,i experience less redness compared to other brand,2,1,2,2,5,1,2,0,0,1,1,1,1,2,0,2,2,1,0,2.43
6470,wmvzb2pf6xaz11bv,9/5/2025 13:22,9/5/2025 13:30,3,2,0,6.48,2,80.092407243200000,1,1,1,0,0,0,0,0,0,0,0,1,39,0,0,0,1,0,0,1,0,0,0,0,1,,0,1,0,0,0,0,0,0,0,0,0,0,,3,1,,0,0,0,0,0,0,0,0,0,0,3.97,6,1,1,1,2,1,1,1,2,0,1,they protect my eyes from dryness caused by long screen use,2,1,1,2,5,1,1,0,0,1,1,1,1,1,1,1,2,1,0,2.47
6474,wz8wf71ftfcchx4s,9/5/2025 13:23,9/5/2025 13:30,3,2,0,5.30,2,52.599365436700000,0,1,2,0,0,0,0,0,0,0,0,1,41,0,0,0,1,0,1,0,0,0,0,0,1,,0,1,0,0,0,0,0,0,0,0,0,0,,3,1,,0,0,0,0,0,0,0,0,0,0,2.80,6,1,1,1,1,2,1,2,1,0,1,perfect balance of comfort and vision clarity,2,2,1,1,5,2,2,0,0,1,2,1,1,1,0,1,1,1,0,2.45
6478,4fn5fu2x6p7mcg3a,9/5/2025 13:25,9/5/2025 13:30,3,2,0,4.20,2,85.406437159600000,1,1,2,0,0,0,0,0,0,0,0,1,40,0,0,0,1,0,0,1,0,0,0,0,1,,0,1,0,0,0,0,0,0,0,0,0,0,,3,1,,0,0,0,0,0,0,0,0,0,0,1.70,7,1,1,2,1,1,1,1,2,0,1,i feel my eyes look brighter and healthier with them,2,2,1,1,5,1,2,0,0,1,1,1,1,1,1,1,1,1,0,2.45
6494,fc4zx3ctud3ew7qa,9/5/2025 13:30,9/5/2025 13:40,3,2,0,8.77,2,32.745417665200000,0,1,2,0,0,0,0,0,0,0,0,1,38,0,0,0,1,0,0,1,0,0,0,0,1,,0,1,0,0,0,0,0,0,0,0,0,0,,4,1,,0,0,0,0,0,0,0,0,0,0,3.39,9,1,2,1,1,2,3,2,1,0,1,I can wear them while travelling with no issues.,2,2,1,2,5,2,2,0,0,2,1,1,1,1,0,1,1,1,0,5.33
6496,pdgpkwt18zmmgf09,9/5/2025 13:30,9/5/2025 13:40,3,2,0,9.13,2,49.307620566500000,0,1,2,0,0,0,0,0,0,0,0,1,43,0,0,0,1,0,0,1,0,0,0,0,1,,0,1,0,0,0,0,0,0,0,0,0,0,,4,1,,0,0,0,0,0,0,0,0,0,0,2.41,9,1,1,1,2,2,2,1,2,0,2,They are available easily in stores and online also easy to buy.,2,1,1,1,5,2,2,0,0,1,2,1,1,1,0,2,1,1,0,6.66
6498,p05xt6dr50jc3mnf,9/5/2025 13:31,9/5/2025 13:39,3,2,0,7.53,2,53.101895558700000,1,1,1,0,0,0,0,0,0,0,0,1,41,0,0,0,1,0,0,1,0,0,0,0,1,,0,1,0,0,0,0,0,0,0,0,0,0,,4,0,,0,0,0,1,0,0,0,0,0,0,4.09,10,2,2,1,1,2,1,2,2,0,1,I love how fresh and hydrated my eyes feel throughout the day without irritation or redness,2,1,2,1,5,1,2,0,0,1,1,1,1,1,1,2,2,1,0,3.40
6499,fsvuchz4zntf85z6,9/5/2025 13:31,9/5/2025 13:39,3,2,0,7.48,2,53.415771219600000,1,1,1,0,0,0,0,0,0,0,0,1,44,0,0,0,1,0,0,1,0,0,0,0,1,,0,1,0,0,0,0,0,0,0,0,0,0,,3,0,,0,0,0,1,0,0,0,0,0,0,4.10,11,1,2,1,2,1,2,1,1,0,2,"These lenses keep my eyes comfortable all day, even when working long hours on the computer",2,1,2,2,5,2,2,0,0,1,1,1,1,1,1,1,1,1,0,3.33
6504,8y92341cng36wp3w,9/5/2025 13:31,9/5/2025 13:39,3,2,0,7.43,2,48.608630537300000,1,1,2,0,0,0,0,0,0,0,0,1,40,0,0,0,1,0,0,1,0,0,0,0,1,,0,1,0,0,0,0,0,0,0,0,0,0,,4,0,,0,0,0,1,0,0,0,0,0,0,3.71,10,2,2,1,1,2,2,2,1,0,2,"They reduce my eye strain significantly compared to other lenses, especially when using screens for hours",2,2,2,2,5,1,1,0,0,1,1,1,1,1,1,1,2,1,0,3.69
6505,9q3c57fej5hg30x8,9/5/2025 13:31,9/5/2025 13:39,3,2,0,7.37,2,49.122027326700000,1,1,2,0,0,0,0,0,0,0,0,1,41,0,0,0,1,0,0,1,0,0,0,0,1,,0,1,0,0,0,0,0,0,0,0,0,0,,3,0,,0,0,0,1,0,0,0,0,0,0,3.64,11,1,2,2,2,1,1,1,2,0,1,The lenses are so lightweight and breathable that I often forget I am even wearing them,1,2,2,1,5,1,1,0,0,1,1,1,1,1,1,1,1,1,0,3.68
6506,c06yv89r5f0ejfk4,9/5/2025 13:33,9/5/2025 13:43,3,2,0,9.57,2,51.668014473200000,0,1,2,0,0,0,0,0,0,0,0,1,40,0,0,0,1,0,0,1,0,0,0,0,1,,0,1,0,0,0,0,0,0,0,0,0,0,,3,1,,0,0,0,0,0,0,0,0,0,0,4.93,5,1,2,2,2,1,2,2,1,0,1,"convenient for an active lifestyle, including sports and outdoor activities",1,2,2,1,5,2,1,0,0,1,1,2,1,1,0,2,1,1,0,4.58
6508,m986hjpqwgqv9ere,9/5/2025 13:34,9/5/2025 13:43,3,2,0,8.32,2,28.360358330200000,0,1,1,0,0,0,0,0,0,0,0,1,41,0,0,0,1,0,1,0,0,0,0,0,1,,0,1,0,0,0,0,0,0,0,0,0,0,,3,1,,0,0,0,0,0,0,0,0,0,0,3.61,7,2,2,2,2,2,1,2,1,0,2,"overall, they make wearing contact lenses stress-free and enjoyable",2,1,1,2,5,1,1,0,0,2,1,1,1,1,0,1,1,1,0,4.65
6509,xfjv4b0sp4xzmkdu,9/5/2025 13:35,9/5/2025 13:44,3,2,0,6.92,2,43.493338157700000,0,1,2,0,0,0,0,0,0,0,0,1,39,0,0,0,1,0,1,0,0,0,0,0,1,,0,1,0,0,0,0,0,0,0,0,0,0,,3,1,,0,0,0,0,0,0,0,0,0,0,2.47,9,2,2,2,1,1,2,2,2,0,1,good for sensitive eye no itching or burning sensation,1,1,2,2,5,1,2,0,0,1,2,1,1,1,0,1,1,1,0,4.40
6510,4qfe6jad53w1v9f0,9/5/2025 13:36,9/5/2025 13:44,3,2,0,7.50,2,44.667546249000000,0,1,2,0,0,0,0,0,0,0,0,1,45,0,0,0,1,0,0,1,0,0,0,0,1,,0,1,0,0,0,0,0,0,0,0,0,0,,4,1,,0,0,0,0,0,0,0,0,0,0,5.39,12,1,1,2,2,2,2,1,3,0,2,The lenses stay fresh even after long hours.,2,2,1,1,5,2,2,0,0,2,2,1,1,1,0,2,1,1,0,2.06
6518,zjqmvk99z1fgr0wa,9/5/2025 13:45,9/5/2025 13:53,3,2,0,7.10,2,50.201007581100000,1,1,2,0,0,0,0,0,0,0,0,1,41,0,0,0,1,0,1,0,0,0,0,0,1,,0,1,0,0,0,0,0,0,0,0,0,0,,3,0,,0,0,0,1,0,0,0,0,0,0,3.57,8,1,1,1,1,1,2,2,2,0,2,I can wear them from morning until night without any dryness or discomfort developing at all,1,2,1,1,5,2,2,0,0,1,1,1,1,1,1,2,1,1,0,3.48
6520,gs3cetxfadq5ap4r,9/5/2025 13:45,9/5/2025 13:53,3,2,0,6.52,2,49.969513316400000,1,1,2,0,0,0,0,0,0,0,0,1,35,0,0,0,1,0,1,0,0,0,0,0,1,,0,1,0,0,0,0,0,0,0,0,0,0,,4,0,,0,0,0,1,0,0,0,0,0,0,2.94,9,1,1,1,2,1,2,1,2,0,1,"They always feel natural and comfortable, making them perfect for my busy and active lifestyle",1,2,2,1,5,1,2,0,0,1,1,1,1,1,1,1,1,1,0,3.50
6521,x5uq9s6jjbejcbzw,9/5/2025 13:46,9/5/2025 13:53,3,2,0,6.43,2,53.286734462400000,1,1,2,0,0,0,0,0,0,0,0,1,38,0,0,0,1,0,1,0,0,0,0,0,1,,0,1,0,0,0,0,0,0,0,0,0,0,,4,0,,0,0,0,1,0,0,0,0,0,0,2.79,11,2,1,2,2,1,1,2,1,0,2,"They provide reliable comfort and clarity every day, regardless of lighting or environmental conditions around me",1,1,2,1,5,2,2,0,0,1,1,1,1,1,1,2,1,1,0,3.61
6523,t1ymmwb5vhpm188q,9/5/2025 13:46,9/5/2025 13:53,3,2,0,6.18,2,50.451261965800000,1,1,1,0,0,0,0,0,0,0,0,1,43,0,0,0,1,0,0,1,0,0,0,0,1,,0,1,0,0,0,0,0,0,0,0,0,0,,3,0,,0,0,0,1,0,0,0,0,0,0,2.43,11,2,2,2,2,2,1,1,2,0,2,The ease of use with daily disposables saves me time and effort every single morning,1,2,2,1,5,1,2,0,0,1,1,1,1,1,1,1,1,1,0,3.71
6524,pkar9s7h7jz4db4c,9/5/2025 13:46,9/5/2025 13:53,3,2,0,6.13,2,48.953022770400000,1,1,1,0,0,0,0,0,0,0,0,1,40,0,0,0,1,0,0,1,0,0,0,0,1,,0,1,0,0,0,0,0,0,0,0,0,0,,3,0,,0,0,0,1,0,0,0,0,0,0,2.44,10,1,2,2,1,1,2,1,1,0,2,"My eyes no longer get tired or itchy, even after extended wear in air-conditioned environments",1,2,2,1,5,1,1,0,0,1,1,1,1,1,1,1,2,1,0,3.66
6525,0r3vz9cm5z7x4k7m,9/5/2025 13:47,9/5/2025 13:56,3,2,0,8.42,2,61.503874384400000,1,1,2,0,0,0,0,0,0,0,0,1,42,0,0,0,1,0,1,0,0,0,0,0,1,,0,1,0,0,0,0,0,0,0,0,0,0,,3,1,,0,0,0,0,0,0,0,0,0,0,5.03,7,2,1,2,2,2,1,1,1,0,2,"they help reduce eye strain, especially during long work hours",2,1,1,1,5,1,1,0,0,1,1,1,1,1,1,2,2,1,0,3.34
6526,9b46w2q1gav1erkr,9/5/2025 13:48,9/5/2025 13:56,3,2,0,7.83,2,53.936508859200000,0,1,2,0,0,0,0,0,0,0,0,1,40,0,0,0,1,0,0,1,0,0,0,0,1,,0,1,0,0,0,0,0,0,0,0,0,0,,3,1,,0,0,0,0,0,0,0,0,0,0,4.43,6,2,2,2,1,2,1,1,1,0,1,vision stays sharp in different lighting conditions,1,1,2,1,5,1,1,0,0,1,1,1,2,2,0,1,2,1,0,3.36
6527,71w160b9jgg3cd61,9/5/2025 13:48,9/5/2025 13:57,3,2,0,7.13,2,66.820882845900000,1,1,1,0,0,0,0,0,0,0,0,1,37,0,0,0,1,0,1,1,0,0,0,0,1,,0,0,0,0,0,0,0,0,0,1,0,0,,3,0,0,0,0,0,1,0,0,0,,0,0,3.85,11,2,1,2,1,2,1,2,1,0,1,Feels very natural in the eyes.,1,1,2,1,5,2,2,0,0,1,1,1,1,1,1,1,1,0,1,3.24
6528,fauehg5byfbjgyw4,9/5/2025 13:48,9/5/2025 13:57,3,2,0,7.17,2,73.533761112700000,1,1,2,0,0,0,0,0,0,0,0,1,38,0,0,0,1,0,1,1,0,0,0,0,1,,0,0,0,0,0,0,0,0,0,1,0,0,,4,1,0,0,0,0,0,0,0,0,,0,0,3.67,13,1,1,1,2,1,2,1,1,0,2,This brand Doesn't cause headaches or strain,1,1,2,1,5,1,2,0,0,1,1,1,1,1,1,2,1,0,1,3.44
6530,admdyu7p0qwcgpu1,9/5/2025 13:48,9/5/2025 13:56,3,2,0,7.13,2,46.356425846200000,0,1,2,0,0,0,0,0,0,0,0,1,37,0,0,0,1,0,1,0,0,0,0,0,1,,0,1,0,0,0,0,0,0,0,0,0,0,,3,1,,0,0,0,0,0,0,0,0,0,0,3.82,6,1,1,1,1,2,1,1,1,0,1,"they don’t fog up like glasses, which is very convenient",1,2,2,1,5,1,2,0,0,1,2,2,1,1,0,3,1,1,0,3.28
6531,ezcb64geqdk984bd,9/5/2025 13:48,9/5/2025 14:01,3,2,0,11.18,2,52.866177967500000,1,1,2,0,0,0,0,0,0,0,0,1,36,0,0,0,1,0,1,1,0,0,0,0,1,,0,1,0,0,0,0,0,0,0,0,0,0,,4,1,,0,0,0,0,0,0,0,0,0,0,4.23,12,1,1,1,1,2,2,1,1,0,2,"They are very easy to handle, insert, and remove, even for someone with sensitive eyes",2,1,1,2,5,1,2,0,0,1,1,1,1,1,1,1,2,1,0,6.91
6532,gucd5zxdgk7mbm44,9/5/2025 13:48,9/5/2025 14:01,3,2,0,10.58,2,31.237310017700000,1,1,2,0,0,0,0,0,0,0,0,1,40,0,0,0,1,0,1,1,0,0,0,0,1,,0,0,0,0,0,0,0,0,0,1,0,0,,3,0,0,0,0,0,1,0,0,0,,0,0,3.71,11,2,1,1,1,1,2,2,2,0,1,"I appreciate how they maintain consistent moisture, keeping my eyes refreshed and irritation-free all day",1,2,1,1,5,1,2,0,0,1,1,1,1,1,1,1,2,0,1,6.84
6533,jdxx4d0bq7k05amf,9/5/2025 13:48,9/5/2025 14:01,3,2,0,8.75,2,56.495836935000000,1,1,2,0,0,0,0,0,0,0,0,1,37,0,0,0,1,0,1,1,0,0,0,0,1,,0,1,0,0,0,0,0,0,0,0,0,0,,4,1,,0,0,0,0,0,0,0,0,0,0,4.17,13,1,2,2,1,1,2,1,1,0,1,"I love how natural they feel, almost like I’m not wearing contact lenses at all",2,1,1,1,5,1,2,0,0,1,1,1,1,1,1,1,2,1,0,4.54
6534,g1r3bt72fjr19sbd,9/5/2025 13:49,9/5/2025 13:58,3,2,0,8.08,2,81.354652574700000,1,1,2,0,0,0,0,0,0,0,0,1,42,0,0,0,1,0,1,1,0,0,0,0,1,,0,1,0,0,0,0,0,0,0,0,0,0,,4,0,,0,0,0,1,0,0,0,0,0,0,3.00,15,1,1,2,1,1,2,2,1,0,1,Breathable and lightweight design which is helpful,2,2,1,1,5,1,2,0,0,1,1,1,1,1,1,1,2,1,0,5.00
6535,r80zx0gwmy5q48aq,9/5/2025 13:49,9/5/2025 13:56,3,2,0,6.33,2,71.422760661500000,1,1,2,0,0,0,0,0,0,0,0,1,40,0,0,0,1,0,0,1,0,0,0,0,1,,0,1,0,0,0,0,0,0,0,0,0,0,,3,1,,0,0,0,0,0,0,0,0,0,0,3.33,7,1,1,2,2,1,2,1,2,0,1,i feel more confident in social and professional settings without glasses,2,2,1,1,5,1,2,0,0,1,1,1,1,1,1,2,2,1,0,2.95
6536,v0cvu3fuxsfqprdg,9/5/2025 13:49,9/5/2025 14:01,3,2,0,10.62,2,55.450091095200000,1,1,2,0,0,0,0,0,0,0,0,1,41,0,0,0,1,0,1,0,0,0,0,0,1,,0,0,0,0,0,0,0,0,0,1,0,0,,3,0,0,0,0,0,1,0,0,0,,0,0,3.73,14,2,1,2,1,2,1,2,1,0,1,"The breathable material ensures my eyes don’t feel tired, even after extended work or travel",1,1,2,1,5,2,2,0,0,1,1,1,1,1,1,2,1,0,1,6.83
6537,4uxyhctjz8r3w8tp,9/5/2025 13:49,9/5/2025 13:56,3,2,0,5.80,2,35.482252016800000,0,1,2,0,0,0,0,0,0,0,0,1,41,0,0,0,1,0,1,0,0,0,0,0,1,,0,1,0,0,0,0,0,0,0,0,0,0,,3,1,,0,0,0,0,0,0,0,0,0,0,2.58,8,1,2,1,1,2,1,2,1,0,1,"the lenses are very thin and breathable, which keeps my eyes healthy",1,1,2,1,5,2,2,0,0,1,1,2,1,1,0,1,1,1,0,3.17
6541,t59n5mg70zkvxe0p,9/5/2025 13:50,9/5/2025 13:59,3,2,0,7.07,2,55.093098614300000,0,1,2,0,0,0,0,0,0,0,0,1,45,0,0,0,1,0,0,1,0,0,0,0,1,,0,1,0,0,0,0,0,0,0,0,0,0,,4,1,,0,0,0,0,0,0,0,0,0,0,2.15,9,2,1,1,2,1,3,2,3,0,2,I like that they are soft and flexible.,2,1,2,2,5,2,1,0,0,1,1,1,2,1,0,1,3,1,0,4.83
6821,u9fevdc2vut64h4e,9/5/2025 15:29,9/5/2025 15:44,3,2,0,12.53,7,61.702331638500000,0,1,2,0,0,0,0,0,0,0,0,1,35,1,1,1,1,0,1,0,0,0,0,0,1,,0,0,0,0,0,0,0,0,0,1,0,0,,3,0,0,0,0,0,0,0,0,0,,1,0,11.04,10,1,2,1,1,2,1,1,1,0,1,"The lenses provide consistently clear vision, don’t irritate my eyes, and keep them feeling fresh throughout the entire day.",2,1,1,1,5,1,2,0,0,2,2,1,2,1,0,1,1,0,1,1.44
6824,wuchmdx2uadfpbfp,9/5/2025 15:30,9/5/2025 15:43,3,2,0,11.68,7,25.622683903500000,0,1,2,0,0,0,0,0,0,0,0,1,39,0,1,1,1,0,1,0,0,0,0,0,1,,0,0,0,0,0,0,0,0,0,1,0,0,,3,0,0,0,0,0,0,0,0,0,,1,0,9.99,12,1,2,1,2,2,1,1,1,0,1,"They stay comfortable all day long, never dry out, and I barely notice I’m wearing them even after many hours.",1,1,1,2,5,2,2,0,0,2,2,1,1,2,0,1,1,0,1,1.66
6828,xzxtasz1t48j8ynp,9/5/2025 15:37,9/5/2025 15:43,3,2,0,5.72,7,36.081779608300000,0,1,2,0,0,0,0,0,0,0,0,1,30,1,1,1,1,0,1,0,0,0,0,0,1,,0,0,0,0,0,0,0,0,0,1,0,0,,3,0,0,0,0,0,0,0,0,0,,1,0,3.98,7,2,2,1,2,1,3,2,2,0,1,That provides the best price and the with the great quality,2,2,1,1,5,1,1,0,0,1,1,2,1,1,0,1,2,0,1,1.71
6838,6h3ub4zxavzkmzmf,9/5/2025 15:46,9/5/2025 15:50,3,2,0,2.88,7,47.604278536700000,0,1,2,0,0,0,0,0,0,0,0,1,38,0,1,1,1,0,1,0,0,0,0,0,1,,0,0,0,0,0,0,0,0,0,1,0,0,,3,0,0,0,0,0,0,0,0,0,,1,0,0.99,13,2,1,1,2,2,1,1,1,0,1,"Wearing them feels effortless. I can focus, work, and exercise without thinking about my lenses once during the day.",2,1,2,2,5,1,3,0,0,1,2,1,1,1,0,1,1,0,1,1.87
6841,pgr39b50m6308v5c,9/5/2025 15:46,9/5/2025 15:51,3,2,0,2.48,7,30.207266722500000,0,1,2,0,0,0,0,0,0,0,0,1,37,1,1,1,1,0,1,0,0,0,0,0,1,,0,0,0,0,0,0,0,0,0,1,0,0,,3,0,0,0,0,0,0,0,0,0,,1,0,0.86,7,1,1,2,1,1,1,2,2,0,1,"They stay comfortable on my eyes all day, even during long hours at work",2,2,2,1,5,1,1,0,0,2,1,1,2,1,0,1,2,0,1,1.59
6842,4d0wmfwjeebfyubh,9/5/2025 15:47,9/5/2025 15:55,3,2,0,7.98,7,22.152441574400000,0,1,2,0,0,0,0,0,0,0,0,1,35,1,1,0,1,0,1,0,0,0,0,0,1,,0,0,0,0,0,0,0,0,0,1,0,0,,5,0,0,0,0,0,0,1,0,0,,0,0,3.17,8,2,1,2,2,1,2,1,2,0,2,"They feel super light on my eyes, stay comfy all day, and I don't even notice I'm wearing them.",2,1,1,1,5,2,2,0,0,1,1,2,1,1,0,1,1,0,1,4.80
6845,e3kqv6u96nag7v33,9/5/2025 15:50,9/5/2025 16:02,3,2,0,11.17,7,56.519735941000000,1,1,2,0,0,0,0,0,0,0,0,1,33,0,1,1,1,0,1,0,0,0,0,0,1,,0,0,0,0,0,0,0,0,0,1,0,0,,3,0,0,0,0,0,0,0,0,0,,1,0,3.98,9,1,1,1,2,1,2,2,1,0,3,Very comfortable to wear all the day without dryness and any problems,1,1,2,1,5,1,1,0,0,1,1,1,1,1,1,2,1,0,1,7.14
6846,vcgkdwgjmy2jf5gt,9/5/2025 15:50,9/5/2025 16:02,3,2,0,10.90,7,72.244677454800000,1,1,2,0,0,0,0,0,0,0,0,1,34,0,1,1,1,0,1,0,0,0,0,0,1,,0,0,0,0,0,0,0,0,0,1,0,0,,3,0,0,0,0,0,0,0,0,0,,1,0,3.17,8,1,1,1,2,1,1,1,2,0,3,"easy to insert and remove ,wit  hassle-free daily disposable use",1,1,2,1,5,2,1,0,0,1,1,1,1,1,1,1,2,0,1,7.65
6848,0mz4u8m03fv2f8gr,9/5/2025 15:50,9/5/2025 16:02,3,2,0,10.18,7,45.165140448300000,2,1,2,0,0,0,0,0,0,0,0,1,33,0,1,1,1,0,1,0,0,0,0,0,1,,0,0,0,0,0,0,0,0,0,1,0,0,,3,0,0,0,0,0,0,0,0,0,,1,0,3.42,9,1,2,2,1,1,1,1,1,0,1,Clear vision quality and easy to wear for long time,1,1,1,1,5,1,1,0,1,1,1,1,1,1,1,2,2,0,1,6.65
6852,4kpcq3j4cpd084n3,9/5/2025 15:51,9/5/2025 15:56,3,2,0,4.53,7,32.876280473900000,0,1,2,0,0,0,0,0,0,0,0,1,39,1,1,1,1,0,1,0,0,0,0,0,1,,0,0,0,0,0,0,0,0,0,1,0,0,,3,0,0,0,0,0,0,0,0,0,,1,0,0.82,8,1,1,2,1,2,1,3,1,0,3,My vision feels consistently clear without dryness or blurriness,2,2,1,1,5,1,1,0,0,2,1,1,1,2,0,1,2,0,1,3.69
6853,7u02gch3e1a88jwj,9/5/2025 15:51,9/5/2025 15:57,3,2,0,4.68,7,70.844433310500000,0,1,2,0,0,0,0,0,0,0,0,1,38,1,1,1,1,0,1,0,0,0,0,0,1,,0,0,0,0,0,0,0,0,0,1,0,0,,3,0,0,0,0,0,0,0,0,0,,1,0,0.90,7,1,1,1,1,2,2,1,1,0,1,The lenses are so light I often forget that I am wearing them,2,1,2,2,5,1,2,0,0,1,2,2,1,1,0,1,2,0,1,3.76
6855,erp7b1t95wf94zks,9/5/2025 15:53,9/5/2025 15:59,3,2,0,4.68,7,45.143368690500000,0,1,2,0,0,0,0,0,0,0,0,1,46,0,1,1,1,0,1,0,0,0,0,0,1,,0,0,0,0,0,0,0,0,0,1,0,0,,3,0,0,0,0,0,0,0,0,0,,1,0,1.10,8,1,1,2,2,1,1,2,2,0,1,"I forget I’m even wearing lenses—no dryness, great clarity, and they’re super comfortable from morning to night without fail.",2,2,1,2,5,1,2,0,0,2,1,1,1,1,0,2,2,0,1,3.55
6856,9m7e27gnpy2r8mjn,9/5/2025 15:53,9/5/2025 15:58,3,2,0,4.18,7,60.553481505200000,0,1,1,0,0,0,0,0,0,0,0,1,44,0,1,1,1,0,1,0,0,0,0,0,1,,0,0,0,0,0,0,0,0,0,1,0,0,,3,0,0,0,0,0,0,0,0,0,,1,0,1.17,11,1,2,1,1,1,1,2,2,0,2,"They’re incredibly easy to insert and remove, and they stay in place without shifting or causing any discomfort or redness.",1,1,2,2,5,1,1,0,0,1,2,1,1,1,0,1,1,0,1,2.98
6862,xfu6x1cyrnx58wqs,9/5/2025 16:01,9/5/2025 16:06,3,2,0,3.87,7,44.230563592800000,0,1,2,0,0,0,0,0,0,0,0,1,43,0,1,1,1,0,1,0,0,0,0,0,1,,0,0,0,0,0,0,0,0,0,1,0,0,,3,0,0,0,0,0,0,0,0,0,,1,0,0.74,7,1,1,2,2,1,2,1,2,0,1,"They’re the most comfortable lenses I’ve ever worn. I experience no irritation, even during allergy season or in windy weather.",1,1,2,1,5,1,2,0,0,1,2,2,1,1,0,1,2,0,1,3.10
6863,q3b3u6fa9z9msa6b,9/5/2025 16:02,9/5/2025 16:08,3,2,0,4.82,7,46.618290667300000,0,1,2,0,0,0,0,0,0,0,0,1,39,1,1,1,1,0,1,0,0,0,0,0,1,,0,0,0,0,0,0,0,0,0,1,0,0,,3,0,0,0,0,0,0,0,0,0,,1,0,1.45,12,1,2,1,1,2,2,1,1,0,1,"They keep my eyes feeling hydrated , which is important in air conditioned or dry environment",2,1,1,1,5,2,2,0,0,2,1,1,1,2,0,1,1,0,1,3.33
6866,wdbhaug1rvepw56j,9/5/2025 16:06,9/5/2025 16:14,3,2,0,6.95,7,45.010415728400000,0,1,2,0,0,0,0,0,0,0,0,1,31,1,1,1,1,0,1,0,0,0,0,0,1,,0,0,0,0,0,0,0,0,0,1,0,0,,3,0,0,0,0,0,0,0,0,0,,1,0,2.34,9,1,2,1,2,1,1,2,2,0,1,I do not have the experience or redness like I have with other lenses,2,1,1,2,5,1,1,0,0,2,2,1,1,1,0,1,2,0,1,4.57
6868,5zr71b4wm0udt50y,9/5/2025 16:09,9/5/2025 16:15,3,2,0,4.97,7,42.773437432100000,0,1,2,0,0,0,0,0,0,0,0,1,35,1,1,1,1,0,1,0,0,0,0,0,1,,0,0,0,0,0,0,0,0,0,1,0,0,,3,0,0,0,0,0,0,0,0,0,,1,0,1.06,11,1,2,1,3,2,1,2,1,0,1,They seem healthier for my eyes because they allow plenty of oxygen through,1,3,2,2,5,1,1,0,0,1,1,1,2,2,0,1,2,0,1,3.88
6869,4ncn5akh4qdc5gp8,9/5/2025 16:09,9/5/2025 16:15,3,2,0,4.77,7,46.376927658400000,0,1,2,0,0,0,0,0,0,0,0,1,34,1,1,1,1,0,1,0,0,0,0,0,1,,0,0,0,0,0,0,0,0,0,1,0,0,,3,0,0,0,0,0,0,0,0,0,,1,0,0.88,10,2,2,2,1,1,2,1,1,0,2,Putting them in and taking them out feels very easy and smooth,2,2,2,1,5,2,1,0,0,2,1,2,1,1,0,2,1,0,1,3.86
6870,wwx05w9km71sb5ay,9/5/2025 16:10,9/5/2025 16:22,3,2,0,10.67,7,64.125206575000000,1,1,2,0,0,0,0,0,0,0,0,1,29,1,1,0,1,0,1,0,0,0,0,0,1,,0,0,0,0,0,0,0,0,0,1,0,0,,5,0,1,0,0,0,0,1,0,0,,0,0,1.64,8,1,2,2,2,2,1,1,1,0,1,"The main reasons are they stay soft and gentle on my eyes all day long, so I never feel irritation or any discomfort wearing them.",2,1,2,1,5,3,1,0,0,1,1,1,1,1,1,2,1,0,1,9.00
7246,vr02harwqs72cvpa,9/8/2025 13:36,9/8/2025 13:47,3,2,0,9.48,7,59.889296640400000,1,1,2,0,0,0,0,0,0,0,0,1,44,1,1,0,1,0,1,0,0,0,0,0,1,,0,0,0,0,0,0,0,0,0,1,0,0,,5,0,0,1,0,1,0,0,1,0,,0,0,6.63,8,1,1,2,2,2,1,2,1,0,2,I love that I can wear them for long hours without needing drops every few hours.,2,2,2,1,5,1,2,0,0,1,1,1,1,1,1,2,1,0,1,2.81
7273,s8xatvs60pgd5zrz,9/8/2025 13:41,9/8/2025 13:51,3,2,0,8.15,7,55.034375693200000,0,1,2,0,0,0,0,0,0,0,0,1,33,1,1,1,1,0,1,0,0,0,0,0,1,,0,0,0,0,0,0,0,0,0,1,0,0,,3,0,0,0,0,0,0,0,0,0,,1,0,5.09,9,1,1,1,2,2,1,1,2,0,1,My eyes do not get that much tired lens feeling at the end of the day,1,1,2,1,5,2,1,0,0,2,1,1,1,1,0,1,2,0,1,3.04
7295,3y9zva8m6sq4k855,9/8/2025 13:45,9/8/2025 13:54,3,2,0,6.93,7,41.783907425700000,0,1,2,0,0,0,0,0,0,0,0,1,36,1,1,1,1,0,1,0,0,0,0,0,1,,0,0,0,0,0,0,0,0,0,1,0,0,,3,0,0,0,0,0,0,0,0,0,,1,0,4.46,11,1,1,2,2,1,2,1,1,0,1,I can work long hours on the computer without constant breaks,2,1,1,2,5,1,1,0,0,2,1,1,1,1,0,2,1,0,1,2.42
7317,kgfqgx1wy1e454qu,9/8/2025 13:59,9/8/2025 14:11,3,2,0,10.20,7,49.569022697100000,0,1,2,0,0,0,0,0,0,0,0,1,39,1,1,1,1,0,1,0,0,0,0,0,1,,0,0,0,0,0,0,0,0,0,1,0,0,,3,0,0,0,0,0,0,0,0,0,,1,0,7.00,11,1,2,2,1,1,2,1,1,0,1,Do not dry out when I am outside in the wind or heat,1,1,2,2,5,2,1,0,0,2,1,1,2,1,0,1,2,0,1,3.17
7327,jt547yegyrfvbf9h,9/8/2025 14:12,9/8/2025 14:27,3,2,0,13.65,7,30.844866579400000,0,1,2,0,0,0,0,0,0,0,0,1,33,1,1,0,1,0,1,0,0,0,0,0,1,,0,0,0,0,0,0,0,0,0,1,0,0,,5,0,0,0,0,0,0,1,0,1,,0,0,4.63,10,1,2,2,1,2,1,1,1,0,1,"The lenses stay comfortable from morning to night, don't irritate my eyes , and give me clear vision without needing constant adjustment.",2,2,3,1,5,1,1,0,0,1,1,1,2,1,0,1,2,0,1,8.99
7328,9rcp06bw5s6rsmmu,9/8/2025 14:13,9/8/2025 14:27,3,2,0,12.93,7,28.640298190000000,0,1,1,0,0,0,0,0,0,0,0,1,38,0,1,0,1,0,1,0,0,0,0,0,1,,0,0,0,0,0,0,0,0,0,1,0,0,,4,0,0,1,0,0,0,1,0,0,,0,0,3.96,9,2,2,1,1,1,2,2,2,0,2,"My eyes feel hydrated and fresh all day, the lenses fit perfectly, and I don't have to worry about them slipping or feeling dry.",3,2,2,1,5,1,1,0,0,1,1,2,1,1,0,1,1,0,1,8.92
7414,k5de6jgtfnabrrr9,9/8/2025 14:23,9/8/2025 14:34,3,2,0,9.38,7,36.844713293000000,0,1,2,0,0,0,0,0,0,0,0,1,38,1,1,1,1,0,1,0,0,0,0,0,1,,0,0,0,0,0,0,0,0,0,1,0,0,,3,0,0,0,0,0,0,0,0,0,,1,0,2.96,11,1,2,2,1,2,1,1,1,0,1,I never have to worry about them clouding up during the day,2,1,2,1,5,2,1,0,0,1,1,1,2,2,0,1,2,0,1,6.39
7416,48gmgdhqb5z7zsam,9/8/2025 14:23,9/8/2025 14:34,3,2,0,9.67,7,30.084741457900000,0,1,2,0,0,0,0,0,0,0,0,1,33,1,1,1,1,0,1,0,0,0,0,0,1,,0,0,0,0,0,0,0,0,0,1,0,0,,3,0,0,0,0,0,0,0,0,0,,1,0,3.03,10,2,2,1,2,1,2,1,1,0,1,Even after wearing them all day my eyes look healthy and bright,1,2,1,2,5,1,1,0,0,2,1,2,1,1,0,1,1,0,1,6.62
7417,udfbf0g8xxy65zyu,9/8/2025 14:23,9/8/2025 14:34,3,2,0,9.65,7,30.724216137100000,0,1,2,0,0,0,0,0,0,0,0,1,34,1,1,1,1,0,1,0,0,0,0,0,1,,0,0,0,0,0,0,0,0,0,1,0,0,,3,0,0,0,0,0,0,0,0,0,,1,0,3.04,9,1,1,2,2,2,2,1,1,0,1,They adjust well in different lighting weather indoors and outdoors,1,1,2,2,5,1,1,0,0,2,1,1,2,1,0,2,2,0,1,6.57
7431,5m5qnrqjd6yqrnpr,9/8/2025 14:30,9/8/2025 14:40,3,2,0,8.33,7,33.549909616400000,0,1,2,0,0,0,0,0,0,0,0,1,35,0,1,0,1,0,1,0,0,0,0,0,1,,0,0,0,0,0,0,0,0,0,1,0,0,,4,1,0,1,0,0,0,0,0,1,,0,0,1.75,12,2,2,2,1,2,2,1,2,0,2,I satisfied becouse my eyes feel save and it protect my eye with sun rays .,2,3,1,2,5,2,2,0,0,2,1,1,1,1,0,2,2,0,1,6.54
7463,wwwjwbx66pknpxbh,9/8/2025 14:46,9/8/2025 14:53,3,2,0,4.72,7,34.020036444300000,0,1,2,0,0,0,0,0,0,0,0,1,35,0,1,1,1,0,1,0,0,0,0,0,1,,0,0,0,0,0,0,0,0,0,1,0,0,,3,0,0,0,0,0,0,0,0,0,,1,0,1.54,8,1,1,1,2,1,2,2,1,0,1,"These lenses help me see better at night, especially while driving, which used to be a major struggle for me.",1,2,2,2,5,1,1,0,0,2,2,1,1,1,0,1,1,0,1,3.14
7466,egbj776tr99vydfn,9/8/2025 14:47,9/8/2025 14:56,3,2,0,7.82,7,47.700188683500000,0,1,2,0,0,0,0,0,0,0,0,1,40,1,1,1,1,0,1,0,0,0,0,0,1,,0,0,0,0,0,0,0,0,0,1,0,0,,3,0,0,0,0,0,0,0,0,0,,1,0,1.44,11,1,2,2,1,1,1,1,1,0,1,I can read drive and use the screens without strain,2,2,1,2,5,1,1,0,0,1,1,1,2,1,0,2,2,0,1,6.34
7470,1peh2x0brpzfcrgt,9/8/2025 14:48,9/8/2025 14:56,3,2,0,6.38,7,66.109849678600000,0,1,2,0,0,0,0,0,0,0,0,1,46,1,1,1,1,0,1,0,0,0,0,0,1,,0,0,0,0,0,0,0,0,0,1,0,0,,3,0,0,0,0,0,0,0,0,0,,1,0,1.00,9,2,2,2,1,2,1,1,1,0,2,I love how they keep up with my active lifestyle without discomfort,1,2,1,2,5,1,1,0,0,2,1,1,1,1,0,1,1,0,1,5.35
7472,v3j7qvcw37zbu40q,9/8/2025 14:48,9/8/2025 14:56,3,2,0,6.43,7,63.556896507200000,0,1,2,0,0,0,0,0,0,0,0,1,45,1,1,1,1,0,1,0,0,0,0,0,1,,0,0,0,0,0,0,0,0,0,1,0,0,,3,0,0,0,0,0,0,0,0,0,,1,0,0.99,10,1,1,2,1,1,1,2,1,0,1,I notice fewer halos or glare when driving at night makes more comfort to drive at that moment,1,2,1,1,5,2,1,0,0,1,1,2,2,1,0,1,1,0,1,5.41
7478,jr8uqcr5cq6ufw0r,9/8/2025 14:50,9/8/2025 14:58,3,2,0,6.13,7,35.272770556600000,0,1,2,0,0,0,0,0,0,0,0,1,44,0,1,1,1,0,1,0,0,0,0,0,1,,0,0,0,0,0,0,0,0,0,1,0,0,,3,0,0,0,0,0,0,0,0,0,,1,0,3.20,11,1,2,1,2,1,1,1,2,0,1,"They stay in place well and never shift or irritate my eyes, even during workouts or outdoor activities.",1,2,1,1,5,1,2,0,0,1,1,1,2,2,0,1,1,0,1,2.89
7600,rdaeypr0n2hyh76c,9/8/2025 17:17,9/8/2025 17:23,3,2,0,5.30,5,82.251420213300000,0,1,2,0,0,0,0,0,0,0,0,1,32,0,0,0,1,0,1,0,0,0,0,0,1,,0,1,0,0,0,0,0,0,0,0,0,0,,5,0,,0,0,0,0,0,0,0,0,1,0,2.24,20,2,2,2,2,2,3,3,2,0,2,Because they dont seem to irritate my eyes to much and its very doable.,2,2,2,2,5,3,3,0,0,1,2,1,1,1,0,2,2,1,0,3.04
8246,4xd37160rhpugmzw,9/10/2025 4:38,9/10/2025 4:44,3,2,0,5.27,1,57.971869052000000,1,1,1,0,0,0,0,0,0,0,0,1,50,0,1,1,1,0,1,1,0,0,0,0,1,,0,0,0,0,0,0,0,0,0,1,0,0,,4,0,0,1,0,0,0,0,0,0,,0,0,2.07,8,1,1,1,1,1,1,1,2,0,1,The reason why I said I was satisfied was because it works well for me and I really like the feeling I get.,1,1,1,1,5,2,1,0,0,1,1,1,1,1,1,1,1,0,1,3.18
8267,t78twnx9cfpr3u5r,9/10/2025 5:34,9/10/2025 5:54,3,2,0,18.80,7,44.130049967700000,1,1,2,0,0,0,0,0,0,0,0,1,40,1,1,0,1,0,1,0,0,0,0,0,1,,0,1,0,0,0,0,0,0,0,0,0,0,,3,0,,1,0,0,0,0,0,0,0,0,0,12.17,11,2,2,1,2,2,2,3,2,0,2,I’m satisfied with Acuvue Oasys 1-Day because they feel comfortable all day and keep my eyes clear and hydrated,2,2,2,1,5,3,2,0,0,1,1,1,1,1,1,1,1,1,0,6.59
8284,hc17npudy6k84z7a,9/10/2025 6:41,9/10/2025 6:59,3,2,0,15.67,7,58.157999842900000,1,1,2,0,0,0,0,0,0,0,0,1,30,1,1,0,1,0,1,0,0,0,0,0,1,,0,1,0,0,0,0,0,0,0,0,0,0,,3,0,,0,0,0,0,1,0,0,0,0,0,7.24,7,2,1,2,2,2,2,2,2,0,1,"They are very comfortable and don’t cause dryness during long hours. Easy to insert and remove, with excellent vision clarity.",1,2,2,1,5,2,2,0,0,1,1,1,1,1,1,1,1,1,0,8.39
8287,xkp863qzefha32em,9/10/2025 7:06,9/10/2025 7:13,3,2,0,5.82,7,53.904295025000000,1,1,2,0,0,0,0,0,0,0,0,1,30,1,1,0,1,0,1,0,0,0,0,0,1,,0,1,0,0,0,0,0,0,0,0,0,0,,3,0,,0,0,0,0,1,0,0,0,0,0,1.98,7,2,2,1,2,1,2,2,2,0,1,"Perfect for all-day wear, no irritation or discomfort. I experience clear vision and no issues with dryness, even after a full workday.",1,2,2,1,5,2,2,0,0,1,1,1,1,1,1,2,2,1,0,3.76
8301,2pt4jhryda9g6r2x,9/10/2025 9:05,9/10/2025 9:21,3,2,0,14.27,7,40.712563289600000,2,1,2,0,0,0,0,0,0,0,0,1,30,0,1,0,1,0,1,0,0,0,0,0,1,,0,1,0,0,0,0,0,0,0,0,0,0,,3,0,,0,0,0,0,1,0,0,0,0,0,7.33,7,1,2,2,2,1,1,1,1,0,1,"The lenses stay moist throughout the day, providing great comfort.Easy to insert and remove, with excellent vision clarity.",2,2,2,2,5,2,2,0,1,1,1,1,1,1,1,1,1,1,0,6.88
8308,dueuwc72ftm4ebxk,9/10/2025 9:44,9/10/2025 9:55,3,2,0,9.67,7,43.089477997300000,1,1,2,0,0,0,0,0,0,0,0,1,30,0,1,0,1,0,1,0,0,0,0,0,1,,0,1,0,0,0,0,0,0,0,0,0,0,,3,0,,0,0,0,0,1,0,0,0,0,0,1.63,7,2,2,1,2,2,1,1,1,0,2,"I've been really satisfied because these lenses are super comfortable, even after wearing them all day. I forget I'm even wearing them most of the time.",1,1,1,1,5,2,2,0,0,1,1,1,1,1,1,1,1,1,0,8.01
8310,9nzg6t06h0u1288v,9/10/2025 9:44,9/10/2025 9:52,3,2,0,6.38,7,32.413591245300000,0,1,2,0,0,0,0,0,0,0,0,1,37,0,1,1,1,0,1,0,0,0,0,0,1,,0,0,0,0,0,0,0,0,0,1,0,0,,3,0,0,0,0,0,0,0,0,0,,1,0,2.62,11,1,3,2,1,1,2,1,2,0,2,"They feel hydrating during the day and are extremely mild on my eyes, which is extremely beneficial during allergy season.",1,2,1,1,5,2,2,0,0,2,1,1,1,1,0,2,1,0,1,3.74
8311,cc5usgwxun3swv3m,9/10/2025 9:45,9/10/2025 9:52,3,2,0,5.60,7,48.083113049300000,0,1,2,0,0,0,0,0,0,0,0,1,34,0,1,1,1,0,1,0,0,0,0,0,1,,0,0,0,0,0,0,0,0,0,1,0,0,,3,0,0,0,0,0,0,0,0,0,,1,0,1.81,10,1,1,1,1,3,2,2,2,0,1,"I like how they lessen digital eye strain, which is ideal for my profession, which requires me to spend a lot of time in front of a computer.",1,2,1,1,5,1,2,0,0,2,2,2,1,2,0,1,1,0,1,3.76
8314,m0m29ah8fc8eeecq,9/10/2025 9:58,9/10/2025 10:04,3,2,0,5.85,7,40.675372352300000,0,1,1,0,0,0,0,0,0,0,0,1,28,0,1,0,1,0,1,0,0,0,0,0,1,,0,0,0,0,0,0,0,0,0,1,0,0,,3,0,0,0,0,0,0,0,0,0,,1,0,1.08,9,2,1,2,2,1,2,1,1,0,1,"Whether I'm reading, working, or driving at night, my eyesight remains clear and sharp.",2,1,3,1,5,2,2,0,0,2,1,1,2,2,0,2,1,0,1,4.73
8323,whhqnbycj424v6r9,9/10/2025 10:14,9/10/2025 10:21,3,2,0,5.78,7,37.989193270900000,0,1,1,0,0,0,0,0,0,0,0,1,40,0,1,1,1,0,1,0,0,0,0,0,1,,0,0,0,0,0,0,0,0,0,1,0,0,,4,0,0,0,0,0,0,0,0,0,,1,0,1.48,12,1,2,2,2,2,1,2,1,0,1,"Even after extended excursions such as trekking or cycling in the sun, these lenses continue to be comfortable and clear.",2,1,1,2,5,1,1,0,0,2,1,2,1,1,0,2,1,0,1,4.28
8324,0r3cz1ce0cxg35jc,9/10/2025 10:14,9/10/2025 10:20,3,2,0,5.23,7,34.240099466100000,0,1,1,0,0,0,0,0,0,0,0,1,42,0,1,1,1,0,1,0,0,0,0,0,1,,0,0,0,0,0,0,0,0,0,1,0,0,,4,0,0,0,0,0,0,0,0,0,,1,0,1.30,8,2,2,1,2,1,2,1,1,0,1,I value how these lenses complement my regular makeup application without smearing or hurting my eyes.,1,2,1,1,5,2,2,0,0,1,1,1,1,2,0,3,1,0,1,3.92
8325,3bqzfgmes38az9xs,9/10/2025 10:14,9/10/2025 10:21,3,2,0,5.52,7,43.219017299900000,0,1,1,0,0,0,0,0,0,0,0,1,41,0,1,1,1,0,1,0,0,0,0,0,1,,0,0,0,0,0,0,0,0,0,1,0,0,,4,0,0,0,0,0,0,0,0,0,,1,0,1.12,9,1,1,1,2,1,2,1,1,0,2,My eyes are less irritated by pollen and other allergens throughout allergy season because to the lens technology.,1,1,2,1,5,2,1,0,0,1,1,1,2,2,0,3,1,0,1,4.36
8326,ujcvees546ahszze,9/10/2025 10:15,9/10/2025 10:28,3,2,0,11.87,7,35.640982359700000,1,1,2,0,0,0,0,0,0,0,0,1,30,1,1,0,1,0,1,0,0,0,0,0,1,,0,1,0,0,0,0,0,0,0,0,0,0,,3,0,,0,0,0,0,1,0,0,0,0,0,3.02,8,2,1,2,2,2,2,2,2,0,2,I can wear them for long hours without any discomfort. They’re easy to insert and remove without any hassle. Perfect for my busy routine with long working hours.,1,2,2,2,5,2,2,0,0,1,1,1,1,1,1,1,2,1,0,8.81
8328,s2vz7pj8fdpv488v,9/10/2025 10:15,9/10/2025 10:28,3,2,0,11.27,7,40.453595286700000,1,1,2,0,0,0,0,0,0,0,0,1,30,1,1,0,1,0,1,0,0,0,0,0,1,,0,1,0,0,0,0,0,0,0,0,0,0,,3,0,,0,0,0,0,1,0,0,0,0,0,2.89,7,2,2,2,2,2,1,2,2,0,2,"Perfect for my busy routine with long working hours. They provide all-day comfort and don’t cause dryness. I appreciate the ease of use, especially when traveling.",1,2,2,2,5,2,2,0,0,1,1,1,1,1,1,2,1,1,0,8.35
8330,88nx74nx3xj6djxc,9/10/2025 10:23,9/10/2025 10:29,3,2,0,4.77,7,54.173072770200000,1,1,1,0,0,0,0,0,0,0,0,1,25,0,1,0,1,0,1,0,0,0,0,0,1,,0,1,0,0,0,0,0,0,0,0,0,0,,3,0,,0,0,0,0,1,0,0,0,0,0,1.33,8,1,1,2,1,2,1,2,1,0,1,"They’re easy to put in and take out, and they fit really well on my eyes. No sliding around or discomfort, which I’ve had with other brands.",2,2,1,1,5,2,1,0,0,1,1,1,1,1,1,1,1,1,0,3.41
8331,e8h0hx6dwn325py2,9/10/2025 10:36,9/10/2025 10:46,3,2,0,8.27,7,58.735731268400000,2,1,2,0,0,0,0,0,0,0,0,1,30,1,1,0,1,0,1,0,0,0,0,0,1,,0,1,0,0,0,0,0,0,0,0,0,0,,3,0,,0,0,0,0,1,0,0,0,0,0,1.64,7,2,2,2,2,2,1,2,2,0,2,"I experience no discomfort while using them during meetings or travel. They are highly breathable, keeping my eyes comfortable all day.",2,2,2,2,5,2,2,0,1,1,1,1,1,1,1,2,2,1,0,6.61
8357,3gm0r15fcdbd1ybw,9/10/2025 11:44,9/10/2025 11:51,3,2,0,5.32,7,78.367204717300000,1,1,2,0,0,0,0,0,0,0,0,1,25,0,1,0,1,0,1,0,0,0,0,0,1,,0,1,0,0,0,0,0,0,0,0,0,0,,3,0,,0,0,0,0,1,0,0,0,0,0,1.73,13,1,2,1,2,1,1,2,2,0,1,I’m strongly satisfied because these lenses are extremely comfortable from the moment I put them in until I take them out. I barely notice I'm wearing them.,1,1,2,1,5,1,2,0,0,1,1,1,1,1,1,2,1,1,0,3.56
8368,kc12756chxze27r3,9/10/2025 13:17,9/10/2025 13:31,3,2,0,11.65,7,51.734323775400000,0,1,1,0,0,0,0,0,0,0,0,1,40,1,1,1,1,0,1,0,0,0,0,0,1,,0,0,0,0,0,0,0,0,0,1,0,0,,5,0,0,1,0,0,0,0,0,0,,0,0,7.70,11,1,1,1,2,1,1,1,2,0,1,Great for the social events where I want to feel confident,1,1,1,2,5,1,2,0,0,1,1,1,1,2,0,1,2,0,1,3.91
8369,aktfe86u2uvj08nw,9/10/2025 13:29,9/10/2025 13:37,3,2,0,6.18,7,49.260521330400000,0,1,1,0,0,0,0,0,0,0,0,1,42,1,1,1,1,0,1,0,0,0,0,0,1,,0,0,0,0,0,0,0,0,0,1,0,0,,5,0,0,1,0,0,0,0,0,0,,0,0,1.53,10,1,1,1,2,2,2,1,2,0,1,No stinging and burning when I am wearing them,2,2,1,1,5,1,2,0,0,1,1,2,1,1,0,1,2,0,1,4.61
8381,d5gjuekd1ysqv5pe,9/10/2025 15:06,9/10/2025 15:13,3,2,0,5.67,7,32.325310860900000,0,1,2,0,0,0,0,0,0,0,0,1,35,1,1,1,1,0,1,0,0,0,0,0,1,,0,0,0,0,0,0,0,0,0,1,0,0,,3,0,0,1,0,0,0,0,0,0,,0,0,4.09,8,2,2,1,1,1,1,2,1,0,2,"My eyes feel hydrated with minimal dryness, which is a big improvement over other brands.",2,1,2,2,5,1,1,0,0,1,2,1,2,1,0,2,2,0,1,1.53
8382,6hwtp5php9b68yps,9/10/2025 15:06,9/10/2025 15:13,3,2,0,5.37,7,59.943072209800000,0,1,2,0,0,0,0,0,0,0,0,1,35,1,1,1,1,0,1,0,0,0,0,0,1,,0,0,0,0,0,0,0,0,0,1,0,0,,3,0,0,1,0,0,0,0,0,0,,0,0,2.84,6,2,1,1,1,2,2,2,1,0,2,"The lenses provide clear, sharp vision without blurring or distortion.",1,1,2,2,5,1,1,0,0,1,1,2,2,1,0,2,2,0,1,2.48
8383,muvhs8mxcvq73b93,9/10/2025 15:08,9/10/2025 15:16,3,2,0,4.12,7,50.763024381000000,0,1,2,0,0,0,0,0,0,0,0,1,35,1,1,1,1,0,1,0,0,0,0,0,1,,0,0,0,0,0,0,0,0,0,1,0,0,,3,0,0,1,0,0,0,0,0,0,,0,0,1.86,7,2,2,2,1,2,2,1,1,0,2,"They stay comfortable throughout the entire day, even during extended wear.",2,2,1,1,5,1,2,0,0,2,1,1,1,2,0,2,2,0,1,2.22
8389,p3n7cd0m34erqqdx,9/10/2025 15:15,9/10/2025 15:53,3,2,0,36.60,2,38.380887628600000,0,1,2,0,0,0,0,0,0,0,0,1,35,0,0,0,1,0,0,1,0,0,0,0,1,,0,0,0,0,0,0,0,0,0,1,0,0,,3,1,0,0,0,0,1,0,0,1,,0,0,14.69,7,1,2,2,1,2,2,1,1,0,1,All day comfortable i can wear them all day.,2,1,1,2,5,2,1,0,0,2,1,1,2,1,0,1,1,0,1,21.85
8400,nttzhnubddrsqk9s,9/10/2025 15:32,9/10/2025 15:38,3,2,0,5.37,7,28.386370695800000,0,1,2,0,0,0,0,0,0,0,0,1,35,1,1,1,1,0,1,0,0,0,0,0,1,,0,0,0,0,0,0,0,0,0,1,0,0,,3,0,0,1,0,0,0,0,0,0,,0,0,0.74,9,2,1,2,2,1,2,2,1,0,2,"Even after hours of wear, they still feel fresh without the need for eye drops.",2,1,1,1,5,2,1,0,0,2,2,1,1,1,0,2,2,0,1,4.61
8401,f7sek1hha4gb7rzq,9/10/2025 15:32,9/10/2025 15:38,3,2,0,4.33,7,54.147979848400000,0,1,2,0,0,0,0,0,0,0,0,1,35,1,1,1,1,0,1,0,0,0,0,0,1,,0,0,0,0,0,0,0,0,0,1,0,0,,3,0,0,1,0,0,0,0,0,0,,0,0,1.73,9,2,2,2,1,1,1,1,2,0,2,The lens material feels premium and adapts well to different environments,1,2,2,1,5,1,2,0,0,1,2,1,2,1,0,2,2,0,1,2.58
8403,vjghj5ejeq60j7rg,9/10/2025 15:38,9/10/2025 15:42,3,2,0,2.95,7,62.373262485300000,0,1,2,0,0,0,0,0,0,0,0,1,36,1,1,1,1,0,1,0,0,0,0,0,1,,0,0,0,0,0,0,0,0,0,1,0,0,,3,0,0,1,0,0,0,0,0,0,,0,0,1.26,8,2,1,2,1,2,2,2,2,0,2,Great for screen time; my eyes feel less strained during long workdays.,2,1,1,1,5,1,1,0,0,2,1,2,1,1,0,2,1,0,1,1.66
8427,d6s21hc9mmcczjv2,9/10/2025 16:03,9/10/2025 16:11,3,2,0,6.77,7,55.584123677000000,2,1,2,0,0,0,0,0,0,0,0,1,30,1,1,0,1,0,1,0,0,0,0,0,1,,0,1,0,0,0,0,0,0,0,0,0,0,,3,0,,0,0,0,0,1,0,0,0,0,0,1.99,8,2,1,2,2,2,2,2,1,0,1,My eyes stay hydrated throughout the day. I experience no discomfort while using them during meetings or travel. Excellent vision clarity all day long.,2,2,2,2,5,2,2,0,1,1,1,1,1,1,1,2,1,1,0,4.74
8428,ffkmv5kfudsmqu6j,9/10/2025 16:04,9/10/2025 16:18,3,2,0,12.92,7,23.113576759700000,0,1,2,0,0,0,0,0,0,0,0,1,25,0,0,0,1,0,1,1,0,0,0,0,1,,0,1,0,0,0,0,0,0,0,0,0,0,,3,0,,0,0,0,0,0,0,0,0,1,0,3.78,10,1,1,1,4,4,1,4,1,0,1,"I've been using these lenses for about a year now and they're fantastic. The comfort level is unmatched - I can wear them for 14 hours straight without any dryness or irritation. The vision clarity is crystal clear, making everything from reading small text to driving at night much easier. I love the convenience of daily disposables - no cleaning or storage hassles. The UV protection gives me peace of mind when I'm outdoors. They also make my eyes look naturally bright without that artificial contact lens appearance.",1,1,1,2,5,3,2,0,0,1,1,2,1,2,0,1,1,1,0,9.11
8429,srumvhxb939xkfeh,9/10/2025 16:05,9/10/2025 16:49,3,2,0,42.45,7,22.161853649500000,0,1,2,0,0,0,0,0,0,0,0,1,22,0,0,0,1,0,1,1,0,0,0,0,1,,0,1,0,0,0,0,0,0,0,0,0,0,,3,0,,0,0,0,0,0,0,0,0,1,0,39.34,10,1,2,2,2,1,1,1,2,0,1,These lenses offer exceptional comfort that lasts from morning until night. The sharp vision helps me with detailed work requiring precision. Daily disposal makes lens care completely hassle-free. The UV blocking feature protects my eyes during outdoor activities. They maintain a natural eye appearance that looks authentic. The moisture retention technology prevents dryness during long computer sessions.,1,2,1,2,5,2,1,0,0,1,2,1,1,1,0,1,1,1,0,3.08
8512,x01n71btpmt7c0xn,9/10/2025 18:47,9/10/2025 19:09,3,2,0,20.13,7,58.108698273500000,1,1,2,0,0,0,0,0,0,0,0,1,43,1,1,0,1,0,1,0,0,0,0,0,1,,0,1,0,0,0,0,0,0,0,0,0,0,,4,0,,1,0,1,0,1,0,1,0,0,0,14.06,10,2,2,2,2,2,1,2,2,0,2,"I am satisfied with ACUVUE OASYS 1-Day lenses because they provide all day comfort, clear vision and convenient. The daily disposable design keeps my eyes healthy and reduces dryness effectively.",2,2,2,2,5,1,2,0,0,1,1,1,1,1,1,2,2,1,0,6.07
8548,74vvn0rzb1vsaqhq,9/10/2025 19:39,9/10/2025 20:13,3,2,0,33.22,7,47.559985338700000,0,1,2,0,0,0,0,0,0,0,0,1,33,1,0,0,1,0,1,0,0,0,0,0,1,,0,1,0,0,0,0,0,0,0,0,0,0,,3,0,,0,0,0,0,0,0,0,0,1,0,11.16,8,2,1,2,2,2,2,2,1,0,1,I am really happy with them because they are comfortable to wear all daylong without causing any discomfort and also provide very clear and consistent vision.,1,2,2,2,5,4,2,0,0,2,2,1,1,1,0,2,1,1,0,22.02
8549,8tadkj5nt7ej2yh9,9/10/2025 19:39,9/10/2025 20:16,3,2,0,35.55,7,41.752711849700000,0,1,2,0,0,0,0,0,0,0,0,1,28,0,1,0,1,0,1,0,0,0,0,0,1,,0,1,0,0,0,0,0,0,0,0,0,0,,4,0,,0,0,0,0,0,0,0,0,1,0,12.90,9,1,1,2,1,2,1,1,1,0,2,"Because they are comfortable to wear and don't dry out with long use, they are perfect for wearing for hours.",1,2,2,2,5,3,2,0,0,2,2,1,1,1,0,2,2,1,0,22.62
8551,kc2d921k07hzzgrw,9/10/2025 19:58,9/10/2025 20:14,3,2,0,14.10,7,57.067475210400000,0,1,2,0,0,0,0,0,0,0,0,1,25,0,1,0,1,0,1,0,0,0,0,0,1,,0,1,0,0,0,0,0,0,0,0,0,0,,3,0,,0,0,0,0,0,0,0,0,1,0,3.26,10,2,2,2,2,2,2,1,2,0,2,Because these lenses are fully comfortable to me and it prevents dryness or irritation and provide completely clear vision and they are easy to use.,1,2,2,2,5,4,2,0,0,2,2,1,1,1,0,2,2,1,0,10.82
8553,t0a5gst3pq9bvywc,9/10/2025 20:19,9/10/2025 20:27,3,2,0,7.47,7,54.637715923000000,0,1,1,0,0,0,0,0,0,0,0,1,24,0,0,0,1,0,1,0,0,0,0,0,1,,0,1,0,0,0,0,0,0,0,0,0,0,,4,0,,0,0,0,0,0,0,0,0,1,0,2.41,8,2,1,1,1,1,2,2,1,0,1,"I'm very satisfied with these lenses .They feel lightweight and stay comfortable all day , giving me clear vision without causing any dryness or irritation.",1,2,1,1,5,3,2,0,0,1,1,2,1,1,0,1,1,1,0,5.03
8554,gsesnkrswa0e50k8,9/10/2025 20:19,9/10/2025 20:25,3,2,0,4.68,7,36.093903496600000,0,1,2,0,0,0,0,0,0,0,0,1,22,0,0,0,1,0,1,0,0,0,0,0,1,,0,1,0,0,0,0,0,0,0,0,0,0,,3,0,,0,0,0,0,0,0,0,0,1,0,1.17,9,2,2,1,1,3,2,2,1,0,2,"They are comfortable enough to wear all day, keep my eyes moist, and provide clear vision without causing any irritation.",1,1,2,2,5,1,2,0,0,1,1,1,2,2,0,2,2,1,0,3.46
8555,czh1zn567qb61c6p,9/10/2025 20:19,9/10/2025 20:26,3,2,0,6.20,7,41.885644283900000,0,1,2,0,0,0,0,0,0,0,0,1,24,0,1,0,1,0,1,0,0,0,0,0,1,,0,1,0,0,0,0,0,0,0,0,0,0,,3,0,,0,0,0,0,0,0,0,0,1,0,1.59,8,2,1,2,2,2,2,2,1,0,2,"These lenses are perfect for my daily use and using screens, prevents dryness and ichiness  and is easy to wear and remove for me.",1,2,2,2,5,4,2,0,0,2,2,1,1,1,0,2,2,1,0,4.59
8557,955chujha8wn29cd,9/10/2025 20:25,9/10/2025 20:33,3,2,0,6.25,7,43.889762281700000,0,1,2,0,0,0,0,0,0,0,0,1,30,0,0,0,1,0,1,0,0,0,0,0,1,,0,1,0,0,0,0,0,0,0,0,0,0,,3,0,,0,0,0,0,0,0,0,0,1,0,2.58,8,2,2,2,2,2,2,1,3,0,1,I’m happy because they remain comfortable throughout my entire workday.,2,3,2,2,5,1,1,0,0,1,2,2,1,1,0,2,1,1,0,3.63
8559,w99u6b3d8y8brkx5,9/10/2025 20:27,9/10/2025 20:32,3,2,0,3.53,7,42.370271986400000,0,1,1,0,0,0,0,0,0,0,0,1,24,0,0,0,1,0,1,0,0,0,0,0,1,,0,1,0,0,0,0,0,0,0,0,0,0,,3,0,,0,0,0,0,0,0,0,0,1,0,0.87,8,2,2,2,1,2,2,1,3,0,2,Because It a trustworthy brand and easy to use.,1,1,2,1,5,2,3,0,0,1,1,1,2,1,0,2,1,1,0,2.61
8576,gad8dy8fphjnntek,9/10/2025 23:03,9/10/2025 23:13,3,2,0,8.13,7,62.482310895000000,2,1,2,0,0,0,0,0,0,0,0,1,43,1,1,1,1,0,0,1,0,0,0,0,1,,0,1,0,0,0,0,0,0,0,0,0,0,,3,0,,1,0,0,0,0,0,1,0,0,0,3.51,8,1,2,3,2,2,2,2,2,0,2,"They stay comfortable all day long even after hours of screen time, and I never feel any dryness or irritation in my eyes during use.",2,2,2,2,5,2,2,0,1,1,1,1,1,1,1,2,2,1,0,4.59
